{"cm_eval/visual_cm_details":{"state":1.0319924354553223,"action":0.5930964946746826,"transition":0.4145604074001312,"reward":0.5339028835296631},"cm_eval/goal_reward":0.09917346483490223,"cm_eval/goal_cm_details":{"state":1.1612982749938965,"action":0.5794095993041992,"transition":0.3886057734489441,"reward":0.34222403168678284},"cm_eval/goal_cm_score":2.4715376794338226,"_timestamp":1.752025510432692e+09,"cm_eval/visual_reward":-0.3321841428389994,"cm_eval/friction_cm_score":2.4794302880764008,"cm_eval/friction_cm_details":{"state":1.1526051759719849,"action":0.5956511497497559,"transition":0.37914976477622986,"reward":0.3520241975784302},"cm_eval/mass_cm_score":2.2012251913547516,"cm_eval/joints_cm_score":2.4098268151283264,"_runtime":40.642451799,"cm_eval/mass_reward":0.15504756154910618,"_wandb":{"runtime":42},"cm_eval/joints_reward":-0.4199661597626216,"_step":4,"cm_eval/mass_cm_details":{"reward":0.08227300643920898,"state":1.105492353439331,"action":0.5815402865409851,"transition":0.43191954493522644},"cm_eval/friction_reward":-0.6712665980052739,"cm_eval/joints_cm_details":{"state":1.0616627931594849,"action":0.5985889434814453,"transition":0.4639029800891876,"reward":0.2856720983982086},"cm_eval/visual_cm_score":2.573552221059799}