{"_step":6345,"train/policy_gradient_loss":-0.045833573,"train/approx_kl":0.03047717,"gradients/action_net.weight":{"bins":[-0.04457438737154007,-0.042059384286403656,-0.03954438492655754,-0.03702938184142113,-0.03451438248157501,-0.0319993793964386,-0.029484376311302185,-0.02696937508881092,-0.024454373866319656,-0.021939372643828392,-0.019424371421337128,-0.016909368336200714,-0.01439436711370945,-0.011879365891218185,-0.009364363737404346,-0.0068493615835905075,-0.004334360361099243,-0.0018193586729466915,0.0006956430152058601,0.003210644703358412,0.0057256463915109634,0.008240647614002228,0.010755649767816067,0.013270651921629906,0.01578565314412117,0.018300654366612434,0.0208156555891037,0.023330658674240112,0.025845659896731377,0.02836066111922264,0.030875664204359055,0.03339066356420517,0.03590566664934158,0.038420669734478,0.04093566909432411,0.043450672179460526,0.04596567153930664,0.048480674624443054,0.05099567770957947,0.05351068079471588,0.056025680154561996,0.05854068323969841,0.061055682599544525,0.06357068568468094,0.06608568876981735,0.06860068440437317,0.07111568748950958,0.073630690574646,0.07614569365978241,0.07866069674491882,0.08117569983005524,0.08369069546461105,0.08620569854974747,0.08872070163488388,0.0912357047200203,0.09375070780515671,0.09626570343971252,0.09878070652484894,0.10129570960998535,0.10381070524454117,0.10632570832967758,0.108840711414814,0.11135571449995041,0.11387071758508682,0.11638572067022324],"_type":"histogram","values":[2,1,1,1,5,1,9,6,10,6,16,24,19,31,43,80,179,904,265,144,105,93,65,50,40,41,29,17,18,13,11,8,6,5,5,3,4,6,3,1,2,7,3,3,2,2,0,1,0,0,1,2,0,3,1,1,0,0,1,2,0,0,0,3]},"_runtime":1551.118810119,"gradients/mlp_extractor.shared_net.2.weight":{"values":[1,0,0,0,0,0,0,0,1,1,1,0,0,0,1,4,3,1,0,3,2,8,7,7,6,16,15,22,15,37,49,64,126,281,699,1830,5382,104966,12587,2718,1023,530,284,151,90,42,31,23,14,9,8,5,4,1,0,1,0,1,1,0,0,0,0,1],"bins":[-0.08626973628997803,-0.08398466557264328,-0.08169959485530853,-0.07941451668739319,-0.07712944597005844,-0.0748443752527237,-0.07255930453538895,-0.0702742338180542,-0.06798915565013885,-0.06570408493280411,-0.06341901421546936,-0.061133939772844315,-0.05884886533021927,-0.05656379461288452,-0.054278723895549774,-0.05199365317821503,-0.04970858246088028,-0.04742351174354553,-0.045138437300920486,-0.04285336658358574,-0.04056829214096069,-0.038283221423625946,-0.0359981507062912,-0.03371307998895645,-0.031428005546331406,-0.02914293296635151,-0.026857860386371613,-0.024572789669036865,-0.02228771708905697,-0.020002644509077072,-0.017717573791742325,-0.015432501211762428,-0.013147428631782532,-0.010862356051802635,-0.008577284403145313,-0.006292212288826704,-0.004007140174508095,-0.0017220675945281982,0.0005630040541291237,0.0028480757027864456,0.005133148282766342,0.007418220397084951,0.00970329251140356,0.011988364160060883,0.014273436740040779,0.016558509320020676,0.018843580037355423,0.02112865261733532,0.023413725197315216,0.025698797777295113,0.02798387035727501,0.030268941074609756,0.0325540155172348,0.03483908623456955,0.0371241569519043,0.039409227669239044,0.04169430211186409,0.04397937282919884,0.04626444727182388,0.04854951798915863,0.05083458870649338,0.05311966314911842,0.05540473386645317,0.05768980830907822,0.059974879026412964],"_type":"histogram"},"train/std":6.264569,"train/clip_range":0.2,"train/entropy_loss":-29.173378,"gradients/mlp_extractor.shared_net.2.bias":{"bins":[-0.04018447548151016,-0.039041049778461456,-0.03789762407541275,-0.036754198372364044,-0.03561076894402504,-0.034467343240976334,-0.03332391753792763,-0.03218049183487892,-0.031037066131830215,-0.02989364042878151,-0.028750212863087654,-0.027606787160038948,-0.026463361456990242,-0.025319933891296387,-0.02417650818824768,-0.023033082485198975,-0.02188965491950512,-0.020746229216456413,-0.019602801650762558,-0.018459375947713852,-0.017315950244665146,-0.01617252454161644,-0.015029096975922585,-0.013885671272873878,-0.012742244638502598,-0.011598818004131317,-0.010455392301082611,-0.00931196566671133,-0.00816853903234005,-0.007025113329291344,-0.005881686694920063,-0.004738260991871357,-0.0035948343575000763,-0.002451408188790083,-0.001307981787249446,-0.0001645553857088089,0.0009788707830011845,0.002122296951711178,0.0032657235860824585,0.0044091492891311646,0.005552575923502445,0.006696002092212439,0.007839428260922432,0.008982854895293713,0.010126281529664993,0.0112697072327137,0.01241313386708498,0.013556559570133686,0.014699986204504967,0.015843411907553673,0.016986839473247528,0.018130265176296234,0.01927369087934494,0.020417116582393646,0.0215605441480875,0.022703969851136208,0.023847397416830063,0.02499082311987877,0.026134250685572624,0.02727767638862133,0.028421102091670036,0.02956452965736389,0.030707955360412598,0.031851381063461304,0.03299480676651001],"_type":"histogram","values":[1,0,0,0,0,0,0,0,0,0,0,0,0,0,0,0,0,0,1,0,0,0,1,2,2,0,3,5,7,6,3,6,15,17,31,86,19,8,10,9,6,3,1,3,1,1,2,1,1,2,0,1,1,0,0,0,0,0,0,0,0,0,0,1]},"train/loss":-0.34524113,"gradients/value_net.weight":{"values":[1,0,1,0,0,2,0,2,0,0,0,2,2,0,1,2,2,0,0,1,1,0,1,0,1,1,0,1,2,3,4,3,3,3,3,1,1,5,4,4,5,6,5,0,6,5,5,5,7,3,7,8,7,4,9,9,9,12,8,11,55,11,1,1],"bins":[-0.15666590631008148,-0.15406306087970734,-0.1514602154493332,-0.14885737001895905,-0.1462545394897461,-0.14365169405937195,-0.1410488486289978,-0.13844600319862366,-0.1358431577682495,-0.13324031233787537,-0.13063746690750122,-0.12803462147712708,-0.12543179094791412,-0.12282893806695938,-0.12022610008716583,-0.11762325465679169,-0.11502040922641754,-0.1124175637960434,-0.10981472581624985,-0.1072118803858757,-0.10460903495550156,-0.10200618952512741,-0.09940335154533386,-0.09680050611495972,-0.09419766813516617,-0.09159482270479202,-0.08899198472499847,-0.08638913929462433,-0.08378629386425018,-0.08118344843387604,-0.07858061045408249,-0.07597776502370834,-0.0733749195933342,-0.07077207416296005,-0.0681692361831665,-0.06556639075279236,-0.06296354532241821,-0.060360703617334366,-0.05775786191225052,-0.05515501648187637,-0.052552174776792526,-0.04994933307170868,-0.047346487641334534,-0.04474364593625069,-0.04214080050587654,-0.039537958800792694,-0.03693511337041855,-0.0343322716653347,-0.031729426234960556,-0.02912658266723156,-0.026523739099502563,-0.023920897394418716,-0.02131805196404457,-0.018715210258960724,-0.016112366691231728,-0.013509523123502731,-0.01090668048709631,-0.008303836919367313,-0.005700993817299604,-0.0030981507152318954,-0.0004953071475028992,0.002107536420226097,0.004710379056632519,0.007313222624361515,0.009916066192090511],"_type":"histogram"},"train/clip_fraction":0.34371746,"time/fps":648,"rollout/ep_len_mean":251,"gradients/mlp_extractor.shared_net.0.bias":{"_type":"histogram","values":[1,0,0,0,0,1,0,0,0,0,0,1,0,0,0,0,1,0,0,1,0,1,0,7,7,8,7,9,10,11,12,24,25,34,185,43,29,14,15,14,13,13,4,6,6,1,1,2,2,1,1,0,1,0,0,0,0,0,0,0,0,0,0,1],