{"rollout/ep_len_mean":251,"rollout/ep_rew_mean":2.2542775,"time/fps":435,"cm_scores":{"pose":1.6186511516571045,"random":1.88165283203125,"goal":1.7432689666748047,"mass":1.5570627450942993,"friction":1.596418023109436,"visual":1.4193402528762817},"validation_success":1,"meta_episode":0,"_runtime":497.647733642,"teacher_reward":0,"teacher_q_values":[-0.162224680185318,-0.39328277111053467,-0.13279934227466583,0.19472666084766388,-0.03317003324627876,-0.07712318003177643],"global_step":5152768,"train/loss":-0.479665,"student_success_rate":1,"_wandb":{"runtime":511},"teacher_action":"visual","train/std":3.2088716,"train/clip_fraction":0.2076172,"train/value_loss":0.08573965,"epsilon":1,"train/explained_variance":0.7229094,"train/clip_range":0.2,"train/learning_rate":0.00025,"avg_cm_score":1.8133859634399414,"train/policy_gradient_loss":-0.037621576,"_timestamp":1.7526955453522484e+09,"validation_reward":0.20070304391478416,"_step":637,"train/approx_kl":0.018374024,"train/entropy_loss":-23.22532}