{"train/loss":-0.5252216,"PPO_21/train/entropy_loss":-22.597006,"curriculum/max_checks_reached":false,"cm_eval/random_cm_details":{"reward":0.3769860565662384,"state":1.094647765159607,"action":0.5572925806045532,"transition":0.37987005710601807},"PPO_22/train/entropy_loss":-23.142757,"PPO_20/train/std":2.8173325,"train/intervention_idx":1,"PPO_22/train/policy_gradient_loss":-0.10502242,"train/clip_range":0.2,"cm_eval/friction_cm_score":2.369091272354126,"PPO_22/train/std":3.1861331,"train/ep_reward_mean":0.03183230757713318,"PPO_20/train/entropy_loss":-22.076109,"PPO_21/train/std":2.9959776,"cm_eval/visual_cm_details":{"reward":0.11863140016794205,"state":1.1212166547775269,"action":0.5706138610839844,"transition":0.3980914354324341},"PPO_21/train/clip_range":0.2,"PPO_23/global_step":2048,"train/current_intervention":"random","PPO_20/train/explained_variance":0.5014046,"curriculum/cm_no_reduction_count":3,"cm_eval/goal_cm_score":2.1113057509064674,"PPO_21/train/approx_kl":0.0661464,"PPO_20/global_step":10240,"PPO_22/time/fps":203,"cm_eval/pose_cm_details":{"action":0.5563095211982727,"transition":0.4100658595561981,"reward":0.11556344479322433,"state":1.05158269405365},"curriculum/timesteps":40000,"PPO_20/train/clip_range":0.2,"train/episode":13,"cm_eval/friction_cm_details":{"state":1.0182234048843384,"action":0.587361752986908,"transition":0.43039393424987793,"reward":0.3331121802330017},"curriculum/current_cm_score":2.1487685069441795,"PPO_22/train/explained_variance":0.68275523,"cm_eval/goal_cm_details":{"action":0.5784872770309448,"transition":0.40987128019332886,"reward":0.0672290101647377,"state":1.055718183517456},"PPO_22/train/clip_range":0.2,"PPO_20/train/approx_kl":0.052607775,"PPO_21/global_step":10240,"PPO_22/train/clip_fraction":0.59104615,"_timestamp":1.752032946074817e+09,"cm_eval/mass_cm_score":2.231359638273716,"train/policy_gradient_loss":-0.106825665,"PPO_22/train/value_loss":0.06833061,"PPO_22/global_step":10240,"curriculum/intervention_rank":1,"curriculum/cm_relative_drop":0.10794932481492533,"train/approx_kl":0.049657904,"train/explained_variance":0.6381421,"global_step":10240,"PPO_21/train/loss":-0.51083744,"PPO_20/train/loss":-0.54513836,"PPO_23/time/fps":354,"train/episode_reward":-0.018959084525704384,"curriculum/current_intervention":"random","PPO_22/train/loss":-0.5561617,"PPO_21/train/clip_fraction":0.5053914,"PPO_20/time/fps":186,"cm_eval/visual_cm_score":2.2085533514618874,"train/std":2.7128632,"train/clip_fraction":0.512264,"PPO_20/train/clip_fraction":0.5432068,"cm_eval/random_cm_score":2.4087964594364166,"_runtime":303.855071861,"PPO_21/train/policy_gradient_loss":-0.083350115,"train/learning_rate":0.00025,"cm_eval/intervention_ranking":["random","friction","mass","visual","pose","goal"],"PPO_22/train/approx_kl":0.06776641,"PPO_20/train/learning_rate":0.00025,"train/entropy_loss":-21.738184,"PPO_21/train/learning_rate":0.00025,"PPO_22/train/learning_rate":0.00025,"cm_eval/pose_cm_score":2.133521519601345,"PPO_20/train/policy_gradient_loss":-0.10274539,"PPO_21/train/value_loss":0.07812473,"PPO_21/train/explained_variance":0.45196265,"_step":386,"train/value_loss":0.043092385,"_wandb":{"runtime":304},"PPO_20/train/value_loss":0.04769695,"time/fps":202,"PPO_21/time/fps":208,"curriculum/cm_sufficient_reduction":false,"cm_eval/mass_cm_details":{"action":0.5666177272796631,"transition":0.44587576389312744,"reward":0.12048891931772232,"state":1.0983772277832031}}