{"gradients/action_net.bias":{"bins":[-0.007795838639140129,-0.007469478994607925,-0.007143118884414434,-0.0068167587742209435,-0.00649039912968874,-0.006164039485156536,-0.005837679374963045,-0.005511319264769554,-0.0051849596202373505,-0.004858599975705147,-0.004532239865511656,-0.004205879755318165,-0.003879520110785961,-0.003553160233423114,-0.0032268003560602665,-0.002900440478697419,-0.002574080601334572,-0.0022477207239717245,-0.0019213608466088772,-0.0015950009692460299,-0.0012686410918831825,-0.0009422812145203352,-0.0006159213371574879,-0.00028956145979464054,3.679841756820679e-05,0.0003631582949310541,0.0006895181722939014,0.0010158780496567488,0.001342237927019596,0.0016685978043824434,0.0019949576817452908,0.002321317559108138,0.00264767836779356,0.0029740382451564074,0.0033003981225192547,0.003626757999882102,0.003953117877244949,0.004279477521777153,0.004605837631970644,0.004932197742164135,0.005258557386696339,0.005584917031228542,0.005911277141422033,0.006237637251615524,0.006563996896147728,0.006890356540679932,0.007216716650873423,0.007543076761066914,0.007869436405599117,0.008195796050131321,0.0085221566259861,0.008848516270518303,0.009174875915050507,0.00950123555958271,0.009827595204114914,0.010153955779969692,0.010480315424501896,0.0108066750690341,0.011133035644888878,0.011459395289421082,0.011785754933953285,0.012112114578485489,0.012438474223017693,0.01276483479887247,0.013091194443404675],"_type":"histogram","values":[1,0,0,0,0,0,0,0,0,0,0,0,0,0,0,0,0,0,0,0,0,1,2,0,0,0,2,0,0,0,0,0,0,0,1,0,0,0,0,0,0,0,0,0,1,0,0,0,0,0,0,0,0,0,0,0,0,0,0,0,0,0,0,1]},"time/fps":780,"train/explained_variance":0.91005695,"_step":6349,"gradients/mlp_extractor.shared_net.0.bias":{"bins":[-0.07584526389837265,-0.07346199452877045,-0.07107872515916824,-0.06869546324014664,-0.06631219387054443,-0.06392892450094223,-0.06154565513134003,-0.059162385761737823,-0.05677912011742592,-0.054395850747823715,-0.05201258510351181,-0.04962931573390961,-0.047246046364307404,-0.0448627807199955,-0.042479511350393295,-0.04009624570608139,-0.03771297633647919,-0.035329706966876984,-0.03294644132256508,-0.030563171952962875,-0.02817990444600582,-0.025796636939048767,-0.023413367569446564,-0.02103010006248951,-0.018646832555532455,-0.0162635650485754,-0.013880296610295773,-0.011497028172016144,-0.00911376066505909,-0.0067304931581020355,-0.004347224719822407,-0.001963956281542778,0.00041931867599487305,0.0028025866486132145,0.005185854621231556,0.007569122593849897,0.009952390566468239,0.012335658073425293,0.014718926511704922,0.01710219494998455,0.019485462456941605,0.02186872996389866,0.024251997470855713,0.026635266840457916,0.02901853434741497,0.031401801854372025,0.03378507122397423,0.03616833686828613,0.038551606237888336,0.04093487560749054,0.043318141251802444,0.04570141062140465,0.04808467626571655,0.050467945635318756,0.05285121500492096,0.05523448437452316,0.05761775001883507,0.06000101938843727,0.062384285032749176,0.06476755440235138,0.06715082377195358,0.06953409314155579,0.07191735506057739,0.0743006244301796,0.0766838937997818],"_type":"histogram","values":[1,0,0,0,0,0,1,0,0,0,1,0,0,0,1,1,1,1,2,4,3,7,3,3,11,11,17,24,21,25,29,162,50,16,19,18,20,6,9,5,6,6,7,4,1,5,2,0,3,2,1,0,2,0,0,0,0,0,0,0,0,0,0,1]},"gradients/mlp_extractor.shared_net.2.weight":{"_type":"histogram","values":[1,0,0,1,2,0,0,1,1,3,3,4,3,4,5,6,17,16,24,34,47,61,78,101,142,190,261,403,573,790,1203,1756,2938,4551,7982,57837,30648,7492,4170,2734,1896,1457,1029,733,563,378,257,202,140,100,71,53,31,24,16,5,7,4,4,6,5,5,2,2],"bins":[-0.013666938990354538,-0.01328686811029911,-0.012906797230243683,-0.012526726350188255,-0.012146655470132828,-0.011766585521399975,-0.011386514641344547,-0.01100644376128912,-0.010626372881233692,-0.010246302001178265,-0.009866231121122837,-0.00948616024106741,-0.009106090292334557,-0.008726019412279129,-0.008345948532223701,-0.007965877652168274,-0.007585806772112846,-0.007205735892057419,-0.006825665012001991,-0.006445594597607851,-0.0060655237175524235,-0.005685452837496996,-0.005305382423102856,-0.004925311543047428,-0.004545240662992001,-0.004165169782936573,-0.003785099135711789,-0.0034050284884870052,-0.0030249576084315777,-0.00264488672837615,-0.0022648160811513662,-0.0018847454339265823,-0.0015046745538711548,-0.001124603790231049,-0.0007445330265909433,-0.0003644622629508376,1.5608500689268112e-05,0.00039567926432937384,0.0007757500279694796,0.0011558206751942635,0.001535891555249691,0.0019159623188897967,0.0022960330825299025,0.0026761037297546864,0.003056174609810114,0.0034362454898655415,0.0038163161370903254,0.004196386784315109,0.004576457664370537,0.004956528544425964,0.005336599424481392,0.005716669838875532,0.00609674071893096,0.006476811598986387,0.0068568820133805275,0.007236952893435955,0.007617023773491383,0.00799709465354681,0.008377165533602238,0.008757236413657665,0.009137306362390518,0.009517377242445946,0.009897448122501373,0.0102775190025568,0.010657589882612228]},"gradients/log_std":{"bins":[-0.12192511558532715,-0.11878770589828491,-0.11565030366182327,-0.11251289397478104,-0.1093754917383194,-0.10623808205127716,-0.10310067981481552,-0.09996327012777328,-0.09682586789131165,-0.09368845820426941,-0.09055105596780777,-0.08741364628076553,-0.0842762440443039,-0.08113883435726166,-0.07800143212080002,-0.07486402243375778,-0.07172662019729614,-0.0685892105102539,-0.06545180827379227,-0.06231440231204033,-0.05917699635028839,-0.056039586663246155,-0.052902184426784515,-0.04976477473974228,-0.04662736505270004,-0.043489959090948105,-0.04035255312919617,-0.03721514716744423,-0.03407774120569229,-0.030940333381295204,-0.027802927419543266,-0.02466552145779133,-0.02152811735868454,-0.018390711396932602,-0.015253305435180664,-0.012115898542106152,-0.008978492580354214,-0.005841085687279701,-0.0027036797255277634,0.0004337262362241745,0.0035711321979761124,0.00670853815972805,0.009845944121479988,0.0129833510145545,0.016120757907629013,0.01925816386938095,0.02239556983113289,0.025532975792884827,0.028670381754636765,0.0318077877163887,0.03494519367814064,0.03808259963989258,0.041220005601644516,0.044357411563396454,0.04749482125043869,0.05063222348690033,0.053769633173942566,0.056907039135694504,0.06004444509744644,0.06318185478448868,0.06631925702095032,0.06945666670799255,0.0725940689444542,0.07573147863149643,0.07886888086795807],"_type":"histogram","values":[1,0,0,0,0,0,0,0,0,0,0,0,0,0,0,0,0,0,0,0,0,0,0,0,0,0,1,0,0,1,0,0,0,0,0,0,0,1,1,0,0,0,0,0,0,0,1,0,0,0,0,1,0,0,1,0,0,0,0,0,0,0,0,1]},"train/value_loss":0.00416238,"gradients/mlp_extractor.shared_net.0.weight":{"_type":"histogram","values":[1,0,0,0,0,0,1,0,0,0,1,0,0,0,1,1,1,1,2,4,3,7,3,3,11,11,17,24,21,25,56,27677,659,25,19,18,20,6,9,5,6,6,7,4,1,5,2,0,3,2,1,0,2,0,0,0,0,0,0,0,0,0,0,1],