{"rollout/ep_rew_mean":2.2542775,"_wandb":{"runtime":135},"_timestamp":1.7526906397209063e+09,"train/explained_variance":0.8502265,"train/value_loss":0.024543224,"train/clip_range":0.2,"train/learning_rate":0.00025,"time/fps":252,"train/loss":-0.53877497,"_runtime":89.498838941,"train/entropy_loss":-21.614878,"global_step":5058560,"train/policy_gradient_loss":-0.08801321,"train/std":2.6720078,"_step":28,"train/approx_kl":0.034628637,"rollout/ep_len_mean":251,"train/clip_fraction":0.39956868}