{"train/loss":-1.0028636,"gradients/value_net.weight":{"bins":[-0.028015069663524628,-0.020837124437093735,-0.013659178279340267,-0.0064812321215868,0.0006967131048440933,0.007874660193920135,0.015052605420351028,0.02223055064678192,0.029408495873212814,0.03658644109964371,0.0437643863260746,0.05094233155250549,0.058120280504226685,0.06529822945594788,0.07247617095708847,0.07965411245822906,0.08683206140995026,0.09401001036167145,0.10118795186281204,0.10836590081453323,0.11554384231567383,0.12272179126739502,0.1298997402191162,0.1370776891708374,0.1442556232213974,0.1514335721731186,0.15861152112483978,0.16578945517539978,0.17296740412712097,0.18014535307884216,0.18732330203056335,0.19450125098228455,0.20167918503284454,0.20885713398456573,0.21603508293628693,0.22321301698684692,0.23039096593856812,0.2375689148902893,0.2447468638420105,0.2519248127937317,0.2591027617454529,0.2662807106971741,0.27345865964889526,0.28063660860061646,0.28781455755233765,0.29499250650405884,0.30217042565345764,0.30934837460517883,0.3165263235569,0.3237042725086212,0.3308822214603424,0.3380601704120636,0.3452381193637848,0.3524160385131836,0.3595939874649048,0.366771936416626,0.37394988536834717,0.38112783432006836,0.38830578327178955,0.39548373222351074,0.40266168117523193,0.4098396301269531,0.41701754927635193,0.4241954982280731,0.4313734471797943],"_type":"histogram","values":[2,0,1,74,4,6,7,2,3,1,3,3,4,4,6,7,3,4,3,3,5,14,3,2,9,6,6,5,4,6,6,2,2,5,4,3,4,2,0,6,1,4,2,1,1,4,1,0,0,0,1,1,2,0,0,1,1,1,0,0,0,0,0,1]},"train/approx_kl":0.0076594586,"gradients/mlp_extractor.shared_net.2.bias":{"_type":"histogram","values":[1,0,0,0,0,0,0,0,0,0,0,0,0,0,0,1,0,0,0,0,0,0,0,0,0,0,0,0,0,0,0,0,0,0,0,1,1,0,1,3,11,169,49,8,4,2,1,1,0,1,0,0,0,0,0,0,0,1,0,0,0,0,0,1],"bins":[-0.06865762919187546,-0.06701358407735825,-0.06536953151226044,-0.06372548639774323,-0.06208144128322601,-0.0604373924434185,-0.05879334360361099,-0.05714929848909378,-0.05550525337457657,-0.05386120453476906,-0.052217159420251846,-0.050573110580444336,-0.048929065465927124,-0.047285016626119614,-0.0456409677863121,-0.04399692267179489,-0.04235287383198738,-0.04070882499217987,-0.03906477987766266,-0.03742073103785515,-0.035776685923337936,-0.034132637083530426,-0.032488591969013214,-0.030844543129205704,-0.029200496152043343,-0.02755644917488098,-0.02591240219771862,-0.02426835522055626,-0.02262430638074875,-0.020980261266231537,-0.019336212426424026,-0.017692165449261665,-0.016048114746809006,-0.014404067769646645,-0.012760020792484283,-0.011115972883999348,-0.009471925906836987,-0.007827878929674625,-0.00618383102118969,-0.0045397840440273285,-0.0028957370668649673,-0.0012516898568719625,0.00039235735312104225,0.0020364047959446907,0.003680451773107052,0.005324498750269413,0.006968546658754349,0.00861259363591671,0.010256640613079071,0.011900687590241432,0.013544734567403793,0.015188782475888729,0.016832828521728516,0.018476877361536026,0.020120924338698387,0.02176497131586075,0.02340901829302311,0.02505306527018547,0.02669711224734783,0.028341159224510193,0.029985208064317703,0.031629253178834915,0.033273302018642426,0.03491734713315964,0.03656139597296715]},"adaptive/intervention_idx":5,"_timestamp":1.752005744475992e+09,"global_step":3002368,"train/explained_variance":0.75279415,"_step":10828,"train/clip_range":0.2,"gradients/log_std":{"_type":"histogram","values":[1,0,0,0,0,1,0,0,0,0,0,0,0,0,0,0,0,0,0,0,0,0,0,1,0,0,0,0,0,0,0,0,1,0,0,0,1,0,0,0,0,0,0,0,0,0,0,0,0,0,1,0,0,0,0,0,0,0,0,0,1,0,0,2],"bins":[-0.060664139688014984,-0.05878487974405289,-0.05690561980009079,-0.05502636358141899,-0.053147103637456894,-0.0512678436934948,-0.0493885837495327,-0.0475093275308609,-0.045630067586898804,-0.04375080764293671,-0.04187154769897461,-0.03999229148030281,-0.038113031536340714,-0.036233771592378616,-0.03435451164841652,-0.03247525542974472,-0.030595993623137474,-0.028716733679175377,-0.02683747559785843,-0.024958215653896332,-0.023078957572579384,-0.021199697628617287,-0.01932043954730034,-0.01744117960333824,-0.015561920590698719,-0.013682661578059196,-0.011803402565419674,-0.009924143552780151,-0.008044883608818054,-0.006165624596178532,-0.004286365583539009,-0.0024071065708994865,-0.000527847558259964,0.0013514115707948804,0.0032306706998497248,0.005109929945319891,0.0069891889579594135,0.008868448436260223,0.010747707448899746,0.012626966461539268,0.014506225474178791,0.016385484486818314,0.01826474443078041,0.02014400251209736,0.022023262456059456,0.023902520537376404,0.0257817804813385,0.027661040425300598,0.029540298506617546,0.031419556587934494,0.03329881653189659,0.03517807647585869,0.037057336419820786,0.038936592638492584,0.04081585258245468,0.04269511252641678,0.044574372470378876,0.04645363241434097,0.04833289235830307,0.05021214857697487,0.052091408520936966,0.05397066846489906,0.05584992840886116,0.05772918462753296,0.059608444571495056]},"adaptive/curriculum_advanced":5,"rollout/ep_len_mean":251,"gradients/mlp_extractor.shared_net.0.weight":{"_type":"histogram","values":[1,0,1,0,0,0,0,0,0,0,0,0,2,3,4,4,7,22,101,28395,80,26,8,5,2,2,2,1,0,0,0,1,1,0,2,0,0,0,0,0,0,0,1,0,0,0,0,0,0,0,0,0,0,0,0,0,0,0,0,0,0,0,0,1],"bins":[-1.975477933883667,-1.8741625547409058,-1.7728471755981445,-1.6715319156646729,-1.570216417312622,-1.4689011573791504,-1.3675857782363892,-1.266270399093628,-1.1649550199508667,-1.0636396408081055,-0.9623242616653442,-0.8610089421272278,-0.7596935629844666,-0.6583781838417053,-0.5570628643035889,-0.45574748516082764,-0.3544321060180664,-0.2531167268753052,-0.15180137753486633,-0.05048602819442749,0.05082935094833374,0.15214473009109497,0.2534600496292114,0.35477542877197266,0.4560908079147339,0.5574061870574951,0.6587215662002563,0.7600368857383728,0.861352264881134,0.9626676440238953,1.0639829635620117,1.165298342704773,1.2666139602661133,1.3679293394088745,1.4692447185516357,1.5705599784851074,1.6718754768371582,1.7731907367706299,1.8745061159133911,1.9758214950561523,2.077136993408203,2.178452253341675,2.2797677516937256,2.3810830116271973,2.482398509979248,2.5837137699127197,2.6850290298461914,2.786344528198242,2.887659788131714,2.9889750480651855,3.0902905464172363,3.191605806350708,3.292921304702759,3.3942365646362305,3.4955520629882812,3.596867322921753,3.6981825828552246,3.7994978427886963,3.900813341140747,4.002128601074219,4.1034440994262695,4.20475959777832,4.306074619293213,4.407390117645264,4.5087056159973145]},"gradients/action_net.bias":{"_type":"histogram","values":[2,1,0,0,0,0,0,0,0,0,0,1,0,0,0,0,0,0,1,0,1,0,0,0,0,0,0,0,0,0,0,0,0,1,0,1,0,0,0,0,0,0,0,0,0,0,0,0,0,0,0,0,0,0,0,0,0,0,0,0,0,0,0,1],