{"eval/mean_ep_length":251,"train/explained_variance":0.8094016,"_step":999,"gradients/value_net.weight":{"bins":[-0.003915062174201012,-0.0034501536283642054,-0.002985245082527399,-0.0025203365366905928,-0.0020554279908537865,-0.0015905194450169802,-0.0011256108991801739,-0.0006607023533433676,-0.00019579380750656128,0.000269114738330245,0.0007340232841670513,0.0011989318300038576,0.001663840375840664,0.00212874892167747,0.0025936574675142765,0.003058566013351083,0.003523474559187889,0.003988383337855339,0.004453291650861502,0.004918199963867664,0.005383108742535114,0.005848017521202564,0.006312925834208727,0.0067778341472148895,0.0072427429258823395,0.007707651704549789,0.00817256048321724,0.008637468330562115,0.009102377109229565,0.009567285887897015,0.01003219373524189,0.01049710251390934,0.01096201129257679,0.01142692007124424,0.01189182884991169,0.012356736697256565,0.012821645475924015,0.013286554254591465,0.01375146210193634,0.01421637088060379,0.01468127965927124,0.01514618843793869,0.01561109721660614,0.01607600599527359,0.01654091477394104,0.01700582168996334,0.01747073046863079,0.01793563924729824,0.01840054802596569,0.01886545680463314,0.01933036558330059,0.01979527436196804,0.02026018127799034,0.02072509005665779,0.02118999883532524,0.02165490761399269,0.02211981639266014,0.02258472517132759,0.02304963394999504,0.02351454272866249,0.02397945150732994,0.02444435842335224,0.02490926720201969,0.02537417598068714,0.02583908475935459],"_type":"histogram","values":[3,1,6,6,5,16,11,14,21,15,18,10,13,11,9,10,6,8,6,9,6,6,2,1,5,2,4,2,2,2,2,3,1,1,1,1,2,2,0,1,0,1,2,1,3,1,1,1,1,0,0,0,0,0,0,0,0,0,0,0,0,0,0,1]},"time/fps":961,"_wandb":{"runtime":5261},"train/clip_range":0.2,"rollout/ep_len_mean":251,"_runtime":5256.208737786,"train/loss":-0.4046769,"_timestamp":1.7513133359333413e+09,"gradients/mlp_extractor.shared_net.2.bias":{"bins":[-0.016458380967378616,-0.01592257246375084,-0.015386765822768211,-0.014850958250463009,-0.014315150678157806,-0.013779343105852604,-0.013243535533547401,-0.012707727961242199,-0.012171920388936996,-0.011636112816631794,-0.011100305244326591,-0.010564497672021389,-0.010028690099716187,-0.009492882527410984,-0.008957074955105782,-0.008421267382800579,-0.007885459810495377,-0.007349652238190174,-0.006813844665884972,-0.006278037093579769,-0.005742229521274567,-0.005206421948969364,-0.004670614376664162,-0.004134806804358959,-0.0035989992320537567,-0.0030631916597485542,-0.0025273840874433517,-0.0019915765151381493,-0.0014557689428329468,-0.0009199613705277443,-0.0003841537982225418,0.00015165377408266068,0.0006874613463878632,0.0012232689186930656,0.0017590764909982681,0.0022948840633034706,0.002830691635608673,0.0033664992079138756,0.003902306780219078,0.0044381143525242805,0.004973921924829483,0.0055097294971346855,0.006045537069439888,0.0065813446417450905,0.007117152214050293,0.0076529597863554955,0.008188767358660698,0.0087245749309659,0.009260382503271103,0.009796190075576305,0.010331997647881508,0.01086780522018671,0.011403612792491913,0.011939420364797115,0.012475227937102318,0.01301103550940752,0.013546843081712723,0.014082650654017925,0.014618458226323128,0.01515426579862833,0.015690073370933533,0.01622588187456131,0.016761688515543938,0.017297495156526566,0.017833303660154343],"_type":"histogram","values":[1,1,0,1,1,1,0,2,0,0,0,1,5,2,3,1,1,3,5,1,5,3,5,10,7,7,8,5,16,14,21,19,22,6,11,18,6,5,6,5,6,2,2,1,1,1,1,2,1,1,4,0,1,2,2,0,0,0,0,0,0,0,0,1]},"gradients/action_net.bias":{"_type":"histogram","values":[1,0,0,0,0,0,0,0,1,0,0,0,0,0,0,0,0,1,0,0,0,1,1,0,0,0,0,0,0,0,1,0,0,0,0,0,0,0,0,0,0,0,0,0,0,0,0,0,0,0,1,0,0,0,0,0,0,0,1,0,0,0,0,1],"bins":[-0.03600994870066643,-0.03527713939547539,-0.03454433009028435,-0.03381152078509331,-0.03307871147990227,-0.03234590217471123,-0.03161309286952019,-0.030880281701683998,-0.030147472396492958,-0.029414663091301918,-0.028681853786110878,-0.027949044480919838,-0.02721623331308365,-0.02648342400789261,-0.02575061470270157,-0.02501780539751053,-0.02428499609231949,-0.02355218678712845,-0.02281937748193741,-0.02208656817674637,-0.02135375887155533,-0.02062094770371914,-0.0198881383985281,-0.01915532909333706,-0.01842251978814602,-0.01768971048295498,-0.01695690117776394,-0.0162240918725729,-0.015491281636059284,-0.014758472330868244,-0.01402566209435463,-0.01329285278916359,-0.012560042552649975,-0.011827233247458935,-0.01109442301094532,-0.01036161370575428,-0.00962880440056324,-0.0088959950953722,-0.00816318579018116,-0.007430375553667545,-0.006697566248476505,-0.005964756943285465,-0.005231947172433138,-0.0044991374015808105,-0.0037663280963897705,-0.003033518558368087,-0.002300709020346403,-0.0015678992494940758,-0.0008350899443030357,-0.00010228040628135204,0.0006305291317403316,0.0013633386697620153,0.002096148207783699,0.0028289577458053827,0.0035617672838270664,0.004294577054679394,0.005027386359870434,0.005760195665061474,0.006493005435913801,0.0072258152067661285,0.007958624511957169,0.008691433817148209,0.009424243122339249,0.010157053358852863,0.010889862664043903]},"train/approx_kl":0.025221275,"train/entropy_loss":-19.231346,"eval/mean_reward":3.4248816468379806,"gradients/value_net.bias":{"values":[1],"bins":[0.021935224533081055,0.021935224533081055],"_type":"histogram"},"train/policy_gradient_loss":-0.019988935,"timesteps":4800000,"train/learning_rate":0.00025,"eval/mean_success":0,"global_step":5046272,"rollout/ep_rew_mean":2.6944993,"gradients/mlp_extractor.shared_net.0.weight":{"_type":"histogram","values":[2,0,0,0,0,0,0,0,2,2,0,4,6,6,6,12,14,10,8,26,28,28,42,87,41397,1075,77,44,32,20,16,6,8,12,6,8,0,6,0,2,2,2,0,0,2,0,0,4,0,0,2,0,2,0,0,0,0,0,0,0,0,0,0,2],"bins":[-0.8399094939231873,-0.80613112449646,-0.7723528146743774,-0.7385745048522949,-0.7047961354255676,-0.6710177659988403,-0.6372394561767578,-0.6034611463546753,-0.569682776927948,-0.5359044075012207,-0.5021260976791382,-0.4683477580547333,-0.43456941843032837,-0.40079107880592346,-0.36701273918151855,-0.33323439955711365,-0.29945605993270874,-0.26567772030830383,-0.23189938068389893,-0.19812104105949402,-0.1643427014350891,-0.1305643618106842,-0.0967860221862793,-0.06300768256187439,-0.029229342937469482,0.004548996686935425,0.03832733631134033,0.07210567593574524,0.10588401556015015,0.13966235518455505,0.17344069480895996,0.20721903443336487,0.24099743366241455,0.27477577328681946,0.30855411291122437,0.3423324525356293,0.3761107921600342,0.4098891317844391,0.443667471408844,0.4774458110332489,0.5112241506576538,0.5450024604797363,0.5787808299064636,0.6125591993331909,0.6463375091552734,0.680115818977356,0.7138941884040833,0.7476725578308105,0.7814508676528931,0.8152291774749756,0.8490075469017029,0.8827859163284302,0.9165642261505127,0.9503425359725952,0.9841209053993225,1.0178992748260498,1.0516775846481323,1.0854558944702148,1.119234323501587,1.1530126333236694,1.186790943145752,1.2205692529678345,1.254347562789917,1.288125991821289,1.3219043016433716]},"gradients/log_std":{"values":[1,0,0,0,0,0,0,0,0,0,1,0,0,0,0,0,0,1,0,0,0,0,0,0,0,0,0,1,1,0,0,0,0,0,0,0,0,0,1,0,0,0,1,0,0,0,0,0,0,0,0,0,0,0,0,0,0,0,0,0,0,1,0,1],