{"gradients/mlp_extractor.shared_net.0.weight":{"bins":[-1.660927176475525,-1.606886863708496,-1.5528465509414673,-1.4988062381744385,-1.4447659254074097,-1.3907256126403809,-1.3366851806640625,-1.2826448678970337,-1.2286045551300049,-1.174564242362976,-1.1205239295959473,-1.0664836168289185,-1.0124433040618896,-0.9584029316902161,-0.9043626189231873,-0.8503222465515137,-0.7962819933891296,-0.7422416806221008,-0.688201367855072,-0.6341609954833984,-0.5801206827163696,-0.5260803699493408,-0.472040057182312,-0.4179997146129608,-0.363959401845932,-0.3099190890789032,-0.255878746509552,-0.2018384337425232,-0.1477981060743332,-0.09375777840614319,-0.03971746563911438,0.014322876930236816,0.06836318969726562,0.12240351736545563,0.17644384503364563,0.23048415780067444,0.28452450037002563,0.33856481313705444,0.39260512590408325,0.44664546847343445,0.5006858110427856,0.5547261238098145,0.6087664365768433,0.6628067493438721,0.7168471217155457,0.7708874344825745,0.8249277472496033,0.8789681196212769,0.9330083727836609,0.9870486855506897,1.0410890579223633,1.095129370689392,1.149169683456421,1.2032099962234497,1.2572503089904785,1.3112906217575073,1.3653309345245361,1.419371247291565,1.4734115600585938,1.5274518728256226,1.5814921855926514,1.6355326175689697,1.689572811126709,1.7436132431030273,1.7976535558700562],"_type":"histogram","values":[1,2,0,1,0,1,0,1,0,4,3,3,4,3,5,1,5,8,9,8,14,12,10,13,21,17,21,33,32,191,32879,701,88,33,37,27,17,17,18,6,10,9,7,8,3,4,2,3,1,0,1,3,2,1,1,0,2,0,0,0,0,0,0,1]},"eval/mean_success":0,"train/std":1.7523594,"gradients/value_net.weight":{"values":[1,1,1,0,0,0,0,1,1,0,0,1,1,1,1,2,2,2,2,2,1,3,3,1,5,7,7,7,8,8,12,14,14,19,30,21,10,15,12,6,3,4,5,2,1,3,2,4,2,2,1,0,1,0,2,0,0,0,0,1,0,0,0,1],"bins":[-0.0025647857692092657,-0.0024906799662858248,-0.002416574163362384,-0.0023424681276082993,-0.0022683623246848583,-0.0021942565217614174,-0.0021201507188379765,-0.0020460449159145355,-0.0019719391129910946,-0.0018978333100676537,-0.001823727390728891,-0.00174962158780545,-0.001675515784882009,-0.0016014098655432463,-0.0015273040626198053,-0.0014531982596963644,-0.0013790923403576016,-0.0013049865374341607,-0.001230880618095398,-0.001156774815171957,-0.001082669012248516,-0.0010085632093250751,-0.0009344572899863124,-0.0008603514870628715,-0.0007862456259317696,-0.0007121397648006678,-0.0006380339618772268,-0.000563928100746125,-0.0004898222396150231,-0.0004157164366915822,-0.00034161057556048036,-0.0002675047726370394,-0.00019339891150593758,-0.00011929307220270857,-4.518723289947957e-05,2.891861367970705e-05,0.00010302444570697844,0.00017713027773424983,0.0002512361388653517,0.0003253419417887926,0.00039944780291989446,0.00047355363494716585,0.0005476594669744372,0.0006217653281055391,0.0006958711892366409,0.0007699769921600819,0.0008440828532911837,0.0009181886562146246,0.0009922945173457265,0.0010664003202691674,0.0011405062396079302,0.0012146120425313711,0.001288717845454812,0.001362823648378253,0.0014369295677170157,0.0015110353706404567,0.0015851412899792194,0.0016592470929026604,0.0017333530122414231,0.001807458815164864,0.001881564618088305,0.0019556705374270678,0.0020297763403505087,0.0021038821432739496,0.0021779879461973906],"_type":"histogram"},"train/explained_variance":0.9815259,"gradients/mlp_extractor.shared_net.2.weight":{"_type":"histogram","values":[2,2,0,0,1,1,3,8,7,9,16,17,25,38,64,62,66,92,108,169,211,254,359,517,678,973,1412,2044,3171,4966,10263,85182,8046,3985,2439,1687,1194,826,603,418,290,204,166,111,77,76,44,43,22,26,25,14,15,7,11,5,7,1,0,1,2,4,1,2],"bins":[-0.012619700282812119,-0.012218164280056953,-0.011816628277301788,-0.011415092274546623,-0.011013557203114033,-0.010612021200358868,-0.010210485197603703,-0.009808949194848537,-0.009407414123415947,-0.009005878120660782,-0.008604342117905617,-0.008202806115150452,-0.007801271043717861,-0.007399735040962696,-0.006998199038207531,-0.006596663035452366,-0.006195127032697201,-0.005793591029942036,-0.005392055492848158,-0.004990519490092993,-0.004588983952999115,-0.00418744795024395,-0.003785911947488785,-0.0033843761775642633,-0.002982840407639742,-0.0025813046377152205,-0.002179768867790699,-0.001778232865035534,-0.0013766970951110125,-0.000975161325186491,-0.0005736253224313259,-0.00017208955250680447,0.00022944621741771698,0.0006309820455498993,0.0010325178736820817,0.001434053760021925,0.0018355895299464464,0.002237125299870968,0.002638661302626133,0.0030401970725506544,0.003441732842475176,0.0038432686123996973,0.004244804382324219,0.004646340385079384,0.005047876387834549,0.005449411924928427,0.005850947927683592,0.00625248346477747,0.006654019467532635,0.0070555554702878,0.007457091007381678,0.007858626544475555,0.00826016254723072,0.008661698549985886,0.00906323455274105,0.009464770555496216,0.009866306558251381,0.010267842561006546,0.010669378563761711,0.011070914566516876,0.011472449637949467,0.011873985640704632,0.012275521643459797,0.012677057646214962,0.013078592717647552]},"time/fps":962,"timesteps":4800000,"gradients/action_net.weight":{"bins":[-0.08048760890960693,-0.07788359373807907,-0.07527957111597061,-0.07267555594444275,-0.07007154077291489,-0.06746752560138702,-0.06486350297927856,-0.0622594878077507,-0.05965546891093254,-0.05705145001411438,-0.05444743484258652,-0.051843415945768356,-0.049239397048950195,-0.04663538187742233,-0.04403136298060417,-0.04142734408378601,-0.03882332891225815,-0.03621931001543999,-0.033615294843912125,-0.031011275947093964,-0.028407258912920952,-0.02580324187874794,-0.02319922298192978,-0.020595205947756767,-0.017991188913583755,-0.015387171879410744,-0.012783153913915157,-0.010179135948419571,-0.007575118914246559,-0.004971101880073547,-0.002367083914577961,0.00023693405091762543,0.002840951085090637,0.005444968584924936,0.008048986084759235,0.010653004050254822,0.013257021084427834,0.015861038118600845,0.018465057015419006,0.021069074049592018,0.02367309108376503,0.02627710811793804,0.028881125152111053,0.031485144048929214,0.034089162945747375,0.03669317811727524,0.0392971970140934,0.04190121591091156,0.04450523108243942,0.047109249979257584,0.049713265150785446,0.05231728404760361,0.05492129921913147,0.05752531811594963,0.06012933701276779,0.06273335218429565,0.06533737480640411,0.06794138997793198,0.07054541260004044,0.0731494277715683,0.07575344294309616,0.07835745811462402,0.08096148073673248,0.08356549590826035,0.08616951107978821],"_type":"histogram","values":[1,0,0,0,0,0,1,0,1,0,0,2,0,1,1,1,3,3,4,4,8,13,15,16,27,44,58,77,127,219,662,487,168,99,60,52,26,30,15,20,11,10,6,6,1,5,6,3,2,1,1,1,3,0,0,0,0,1,0,0,0,0,0,2]},"eval/mean_ep_length":251,"train/clip_range":0.2,"gradients/value_net.bias":{"_type":"histogram","values":[1],"bins":[-0.001029822276905179,-0.001029822276905179]},"_step":999,"train/value_loss":0.001768705,"rollout/ep_len_mean":251,"eval/mean_reward":2.239746816722307,"train/entropy_loss":-17.786747,"_timestamp":1.7513130417536047e+09,"_wandb":{"runtime":5256},"train/approx_kl":0.01868873,