{"curriculum/intervention_rank":1,"cm_eval/pose_reward":1.0195326140696281,"global_step":100352,"time/fps":174,"cm_eval/joints_reward":1.0195326140696281,"cm_eval/pose_cm_details":{"state":1.094647765159607,"action":0.5572925806045532,"transition":0.37987005710601807,"reward":0.3769860565662384},"cm_eval/adaptive_weight_w_cm":1,"cm_eval/random_cm_details":{"action":0.5852739214897156,"transition":0.40871044993400574,"reward":0.07563357800245285,"state":1.0645427703857422},"train/clip_range":0.2,"cm_eval/mass_reward":1.0195326140696281,"train/clip_fraction":0.59878135,"_timestamp":1.752030466862009e+09,"train/learning_rate":0.00025,"PPO_2/train/clip_fraction":0.55235595,"PPO_2/train/entropy_loss":-29.949322,"train/approx_kl":0.071229145,"train/explained_variance":0.019723713,"train/ep_reward_mean":0.013791942968964577,"train/episode":154,"train/intervention_idx":1,"PPO_2/global_step":36864,"curriculum/current_intervention":"pose","_runtime":883.344500379,"cm_eval/intervention_ranking":["pose","friction","mass","visual","random","joints","goal"],"_wandb":{"runtime":883},"PPO_2/train/policy_gradient_loss":-0.10021735,"train/std":5.1944165,"_step":1335,"cm_eval/friction_reward":1.0195326140696281,"train/policy_gradient_loss":-0.101640515,"cm_eval/goal_cm_details":{"transition":0.40987128019332886,"reward":0.0672290101647377,"state":1.055718183517456,"action":0.5784872770309448},"curriculum/post_training_cm_score":2.157417558133602,"curriculum/cm_sufficient_reduction":false,"PPO_2/train/std":6.8631687,"cm_eval/goal_reward":1.0195326140696281,"cm_eval/mass_cm_details":{"state":1.0983772277832031,"action":0.5666177272796631,"transition":0.44587576389312744,"reward":0.12048891931772232},"train/entropy_loss":-27.445843,"cm_eval/joints_cm_score":2.133521519601345,"train/value_loss":0.058841225,"cm_eval/adaptive_weight_w_p":0,"cm_eval/visual_cm_score":2.2085533514618874,"cm_eval/random_cm_score":2.1341607198119164,"PPO_2/train/loss":-0.7030568,"PPO_2/train/clip_range":0.2,"PPO_2/train/approx_kl":0.051105015,"cm_eval/joints_cm_details":{"action":0.5563095211982727,"transition":0.4100658595561981,"reward":0.11556344479322433,"state":1.05158269405365},"cm_eval/friction_cm_details":{"state":1.0182234048843384,"action":0.587361752986908,"transition":0.43039393424987793,"reward":0.3331121802330017},"cm_eval/friction_cm_score":2.369091272354126,"cm_eval/goal_cm_score":2.1113057509064674,"train/episode_reward":0.1076948344707489,"PPO_2/time/fps":164,"PPO_2/train/learning_rate":0.00025,"PPO_2/train/value_loss":0.03340141,"cm_eval/visual_cm_details":{"state":1.1212166547775269,"action":0.5706138610839844,"transition":0.3980914354324341,"reward":0.11863140016794205},"train/current_intervention":"pose","cm_eval/mass_cm_score":2.231359638273716,"cm_eval/random_reward":1.0195326140696281,"train/loss":-0.6473841,"curriculum/cm_relative_drop":0.12205629832480676,"cm_eval/pose_cm_score":2.4087964594364166,"PPO_2/train/explained_variance":0.61099064,"cm_eval/visual_reward":1.0195326140696281}