{"gradients/mlp_extractor.shared_net.0.weight":{"bins":[-2.424398899078369,-2.3366026878356934,-2.2488064765930176,-2.161010265350342,-2.073214054107666,-1.9854177236557007,-1.8976213932037354,-1.8098251819610596,-1.7220289707183838,-1.634232759475708,-1.5464365482330322,-1.458640217781067,-1.3708440065383911,-1.2830477952957153,-1.19525146484375,-1.1074552536010742,-1.0196590423583984,-0.9318628311157227,-0.8440665602684021,-0.7562702894210815,-0.6684740781784058,-0.58067786693573,-0.4928815960884094,-0.40508532524108887,-0.3172891139984131,-0.22949287295341492,-0.14169663190841675,-0.05390039086341858,0.03389585018157959,0.12169209122657776,0.20948833227157593,0.2972846031188965,0.38508081436157227,0.47287705540657043,0.5606732964515686,0.6484695672988892,0.7362657785415649,0.8240619897842407,0.9118582606315613,0.9996545314788818,1.0874507427215576,1.1752469539642334,1.2630431652069092,1.3508394956588745,1.4386357069015503,1.526431918144226,1.6142282485961914,1.7020244598388672,1.789820671081543,1.8776168823242188,1.9654130935668945,2.0532093048095703,2.141005516052246,2.228801965713501,2.3165981769561768,2.4043943881988525,2.4921905994415283,2.579986810684204,2.66778302192688,2.7555792331695557,2.8433756828308105,2.9311718940734863,3.018968105316162,3.106764316558838,3.1945605278015137],"_type":"histogram","values":[1,0,0,0,1,1,0,1,0,1,0,1,0,0,1,1,1,0,1,1,3,3,2,4,10,23,87,28321,154,23,4,5,3,2,3,3,3,1,3,1,0,0,0,0,0,2,0,0,0,0,0,0,0,0,0,0,0,0,0,0,0,0,0,1]},"gradients/mlp_extractor.shared_net.2.bias":{"values":[1,0,0,0,0,0,0,0,0,0,0,0,0,0,0,0,0,0,0,0,0,0,0,0,0,0,0,0,0,0,2,0,0,0,1,0,0,4,3,20,53,117,34,13,4,1,0,0,0,0,0,0,0,0,0,0,0,0,1,0,1,0,0,1],"bins":[-0.07273814082145691,-0.07097712904214859,-0.06921612471342087,-0.06745511293411255,-0.06569410860538483,-0.06393309682607651,-0.06217208877205849,-0.060411080718040466,-0.058650072664022446,-0.056889064610004425,-0.055128056555986404,-0.053367048501968384,-0.051606036722660065,-0.04984503239393234,-0.04808402061462402,-0.046323012560606,-0.04456200450658798,-0.04280099645256996,-0.04103998839855194,-0.03927898034453392,-0.0375179722905159,-0.03575696051120758,-0.03399595245718956,-0.03223494440317154,-0.03047393634915352,-0.028712928295135498,-0.026951920241117477,-0.025190910324454308,-0.023429902270436287,-0.021668894216418266,-0.019907884299755096,-0.018146876245737076,-0.016385868191719055,-0.014624860137701035,-0.01286385115236044,-0.011102842167019844,-0.009341834113001823,-0.007580826058983803,-0.0058198170736432076,-0.004058808088302612,-0.0022978000342845917,-0.0005367915146052837,0.0012242170050740242,0.002985225524753332,0.00474623404443264,0.006507242098450661,0.008268251083791256,0.010029260069131851,0.011790268123149872,0.013551276177167892,0.015312285162508488,0.017073294147849083,0.018834302201867104,0.020595310255885124,0.022356320172548294,0.024117328226566315,0.025878336280584335,0.027639344334602356,0.029400352388620377,0.031161362305283546,0.032922372221946716,0.03468337655067444,0.03644438832998276,0.03820539638400078,0.0399664044380188],"_type":"histogram"},"_timestamp":1.7531282451041381e+09,"gradients/value_net.weight":{"_type":"histogram","values":[1,0,1,1,0,0,0,0,0,0,0,0,0,0,1,0,0,1,0,2,0,0,1,4,2,0,0,0,2,1,0,1,0,0,0,2,3,1,2,1,3,2,1,3,1,3,6,6,5,10,4,4,5,9,9,8,12,9,17,21,20,15,34,22],"bins":[-0.06531311571598053,-0.06426521390676498,-0.06321731209754944,-0.06216941401362419,-0.061121512204408646,-0.0600736103951931,-0.05902571231126785,-0.05797781050205231,-0.05692990869283676,-0.055882006883621216,-0.05483410879969597,-0.05378620699048042,-0.05273830518126488,-0.05169040337204933,-0.050642505288124084,-0.04959460347890854,-0.04854670166969299,-0.04749879986047745,-0.0464509017765522,-0.045402999967336655,-0.04435509815812111,-0.04330719634890556,-0.042259298264980316,-0.04121139645576477,-0.04016349837183952,-0.03911559656262398,-0.03806769847869873,-0.037019796669483185,-0.03597189486026764,-0.034923993051052094,-0.033876094967126846,-0.0328281931579113,-0.03178029507398605,-0.030732395127415657,-0.02968449331820011,-0.028636593371629715,-0.02758869156241417,-0.026540791615843773,-0.025492891669273376,-0.02444498986005783,-0.023397088050842285,-0.02234918810427189,-0.021301286295056343,-0.020253386348485947,-0.0192054845392704,-0.018157584592700005,-0.017109684646129608,-0.016061782836914062,-0.015013882890343666,-0.013965982012450695,-0.012918081134557724,-0.011870181187987328,-0.010822279378771782,-0.009774379432201385,-0.008726478554308414,-0.007678577676415443,-0.006630676798522472,-0.005582775920629501,-0.00453487504273653,-0.0034869746305048466,-0.0024390737526118755,-0.0013911728747189045,-0.00034327246248722076,0.0007046284154057503,0.0017525294097140431]},"gradients/log_std":{"_type":"histogram","values":[1,0,0,0,1,0,0,0,0,0,0,0,0,0,0,0,0,0,0,0,0,0,0,1,0,0,0,0,0,0,0,0,0,0,0,0,1,0,0,0,0,0,1,0,0,2,0,0,1,0,0,0,0,0,0,0,0,0,0,0,0,0,0,1],"bins":[-0.031609632074832916,-0.03088458627462387,-0.030159540474414825,-0.02943449467420578,-0.028709450736641884,-0.02798440493643284,-0.027259359136223793,-0.026534313336014748,-0.025809267535805702,-0.025084221735596657,-0.02435917593538761,-0.023634131997823715,-0.02290908619761467,-0.022184040397405624,-0.02145899459719658,-0.020733948796987534,-0.020008902996778488,-0.019283857196569443,-0.018558811396360397,-0.017833765596151352,-0.017108721658587456,-0.01638367585837841,-0.015658630058169365,-0.01493358425796032,-0.014208540320396423,-0.013483494520187378,-0.012758449651300907,-0.012033403851091862,-0.011308358050882816,-0.010583313181996346,-0.0098582673817873,-0.009133221581578255,-0.00840817578136921,-0.007683130446821451,-0.006958084646612406,-0.006233039312064648,-0.005507993511855602,-0.004782948177307844,-0.004057902842760086,-0.0033328570425510406,-0.0026078117080032825,-0.0018827661406248808,-0.0011577206896618009,-0.00043267523869872093,0.0002923703286796808,0.0010174158960580826,0.0017424612306058407,0.002467507030814886,0.003192552365362644,0.003917597699910402,0.004642643500119448,0.005367688834667206,0.006092734634876251,0.006817779969424009,0.007542825303971767,0.008267871104180813,0.008992915973067284,0.009717961773276329,0.0104430066421628,0.011168052442371845,0.01189309824258089,0.012618143111467361,0.013343188911676407,0.014068234711885452,0.014793280512094498]},"gradients/value_net.bias":{"bins":[-0.03973548859357834,-0.03973548859357834],"_type":"histogram","values":[1]},"gradients/action_net.bias":{"_type":"histogram","values":[1,0,2,0,0,0,0,0,0,0,0,0,0,0,0,1,0,0,0,0,0,0,1,0,0,0,0,0,0,0,0,0,0,0,0,0,0,1,0,0,0,0,0,0,0,0,0,0,1,1,0,0,0,0,0,0,0,0,0,0,0,0,0,1],