{"train/std":2.9517014,"rollout/ep_len_mean":251,"train/learning_rate":0.00025,"global_step":5107712,"train/value_loss":0.01911847,"train/explained_variance":0.7866314,"teacher_reward":0,"_step":728,"time/fps":168,"rollout/ep_rew_mean":2.2542775,"cm_scores":{"random":1.8837835788726807,"goal":2.0135445594787598,"mass":1.8705617189407349,"friction":1.9121458530426025,"visual":1.771650791168213,"pose":1.6888712644577026},"teacher_action":"visual","epsilon":0.9411919999999999,"_timestamp":1.7526828932911036e+09,"train/clip_fraction":0.56535745,"_runtime":871.26575191,"train/entropy_loss":-22.466143,"meta_episode":3,"_wandb":{"runtime":900},"train/approx_kl":0.07596334,"student_success_rate":0,"train/loss":-0.5659628,"train/clip_range":0.2,"train/policy_gradient_loss":-0.10462048}