{"train/learning_rate":0.00025,"global_step":3002368,"gradients/mlp_extractor.shared_net.0.bias":{"bins":[-0.08178768306970596,-0.0789802297949791,-0.07617276906967163,-0.07336531579494476,-0.0705578625202179,-0.06775040924549103,-0.06494294852018356,-0.062135495245456696,-0.05932803824543953,-0.05652058124542236,-0.053713127970695496,-0.05090567097067833,-0.04809821397066116,-0.045290760695934296,-0.04248330369591713,-0.03967584669589996,-0.036868393421173096,-0.03406093642115593,-0.03125348314642906,-0.028446026146411896,-0.02563857100903988,-0.022831115871667862,-0.020023658871650696,-0.01721620373427868,-0.014408748596906662,-0.011601293459534645,-0.008793837390840054,-0.005986381322145462,-0.003178926184773445,-0.0003714710474014282,0.002435985952615738,0.005243441089987755,0.008050903677940369,0.010858358815312386,0.013665814884006977,0.01647327095270157,0.019280726090073586,0.022088181227445602,0.02489563822746277,0.027703093364834785,0.030510548502206802,0.03331800550222397,0.036125458776950836,0.038932915776968,0.04174037277698517,0.044547826051712036,0.0473552830517292,0.05016274005174637,0.052970193326473236,0.0557776503264904,0.05858510360121727,0.061392560601234436,0.0642000138759613,0.06700746715068817,0.06981492787599564,0.0726223811507225,0.07542984187602997,0.07823729515075684,0.0810447558760643,0.08385220915079117,0.08665966242551804,0.0894671231508255,0.09227457642555237,0.09508202970027924,0.0978894829750061],"_type":"histogram","values":[1,0,0,0,0,0,0,0,1,0,0,0,0,0,0,0,0,0,2,1,0,2,4,1,7,5,5,25,98,279,50,9,6,3,0,3,1,1,1,0,1,0,0,3,1,0,0,1,0,0,0,0,0,0,0,0,0,0,0,0,0,0,0,1]},"eval/mean_reward":0.6934703,"train/entropy_loss":-53.987473,"_timestamp":1.75200303746021e+09,"gradients/action_net.bias":{"_type":"histogram","values":[1,0,0,0,0,0,0,0,0,0,0,1,0,0,0,0,0,0,0,0,0,0,0,0,0,0,0,0,1,0,0,0,0,0,0,1,1,0,0,0,0,1,0,0,0,0,1,0,0,0,0,0,0,0,0,1,0,0,0,0,0,0,0,1],"bins":[-0.0006253480678424239,-0.0006047587376087904,-0.000584169349167496,-0.0005635800189338624,-0.000542990630492568,-0.0005224013002589345,-0.000501811970025301,-0.00048122258158400655,-0.0004606332222465426,-0.0004400438629090786,-0.0004194545035716146,-0.00039886514423415065,-0.00037827581400051713,-0.0003576864255592227,-0.0003370970953255892,-0.0003165077359881252,-0.00029591837665066123,-0.00027532901731319726,-0.0002547396579757333,-0.00023415031319018453,-0.00021356095385272056,-0.00019297159451525658,-0.00017238224972970784,-0.00015179289039224386,-0.0001312035310547799,-0.00011061417171731591,-9.002481965580955e-05,-6.943546759430319e-05,-4.8846108256839216e-05,-2.825674891937524e-05,-7.667404133826494e-06,1.292195520363748e-05,3.3511314541101456e-05,5.4100670240586624e-05,7.469002594007179e-05,9.527937800157815e-05,0.00011586873733904213,0.0001364580966765061,0.00015704744146205485,0.00017763680079951882,0.0001982261601369828,0.00021881551947444677,0.00023940487881191075,0.0002599942381493747,0.00028058356838300824,0.0003011729568243027,0.0003217622870579362,0.00034235164639540017,0.00036294100573286414,0.0003835303650703281,0.0004041197244077921,0.0004247090546414256,0.00044529844308272004,0.00046588777331635356,0.00048647713265381753,0.0005070664919912815,0.000527655822224915,0.0005482451524585485,0.000568834540899843,0.0005894238711334765,0.0006100132595747709,0.0006306025898084044,0.000651191920042038,0.0006717813084833324,0.0006923706969246268]},"gradients/mlp_extractor.shared_net.2.bias":{"values":[1,0,0,0,0,0,0,0,0,0,1,0,0,0,0,0,0,0,0,0,0,0,0,0,0,0,1,0,0,1,42,189,12,4,0,0,1,0,0,0,1,0,2,0,0,0,0,0,0,0,0,0,0,0,0,0,0,0,0,0,0,0,0,1],"bins":[-0.03251586854457855,-0.03147713467478752,-0.03043840453028679,-0.029399670660495758,-0.028360938653349876,-0.027322206646203995,-0.026283472776412964,-0.025244740769267082,-0.0242060087621212,-0.02316727675497532,-0.022128544747829437,-0.021089810878038406,-0.020051078870892525,-0.019012346863746643,-0.017973612993955612,-0.01693488098680973,-0.01589614897966385,-0.014857416972517967,-0.013818684034049511,-0.012779951095581055,-0.011741219088435173,-0.010702487081289291,-0.009663754142820835,-0.008625021204352379,-0.007586289197206497,-0.006547556724399328,-0.005508824251592159,-0.00447009177878499,-0.0034313593059778214,-0.0023926268331706524,-0.0013538943603634834,-0.00031516188755631447,0.000723574310541153,0.001762306783348322,0.002801039256155491,0.00383977172896266,0.004878504201769829,0.005917236674576998,0.006955969147384167,0.007994702085852623,0.009033434092998505,0.010072166100144386,0.011110899038612843,0.012149631977081299,0.01318836398422718,0.014227095991373062,0.015265828929841518,0.016304561868309975,0.017343293875455856,0.018382025882601738,0.01942075788974762,0.02045949175953865,0.021498223766684532,0.022536955773830414,0.023575689643621445,0.024614421650767326,0.025653153657913208,0.02669188566505909,0.02773061767220497,0.028769351541996002,0.029808083549141884,0.030846815556287766,0.031885549426078796,0.03292427957057953,0.03396301344037056],"_type":"histogram"},"gradients/value_net.bias":{"values":[1],"bins":[0.02663026750087738,0.02663026750087738],"_type":"histogram"},"_runtime":2894.302000166,"time/fps":1040,"gradients/log_std":{"bins":[-0.07299129664897919,-0.07022619247436523,-0.06746108084917068,-0.06469597667455673,-0.06193086877465248,-0.05916576087474823,-0.05640065670013428,-0.053635548800230026,-0.050870440900325775,-0.048105333000421524,-0.04534022510051727,-0.04257512092590332,-0.03981001302599907,-0.03704490512609482,-0.034279800951480865,-0.031514693051576614,-0.028749585151672363,-0.025984477251768112,-0.02321937121450901,-0.02045426517724991,-0.017689157277345657,-0.01492405030876398,-0.012158943340182304,-0.009393837302923203,-0.006628729403018951,-0.003863622434437275,-0.0010985154658555984,0.001666591502726078,0.0044316984713077545,0.007196805439889431,0.009961912408471107,0.01272701844573021,0.015492118895053864,0.018257226794958115,0.021022332832217216,0.02378743886947632,0.02655254676938057,0.02931765466928482,0.03208275884389877,0.034847866743803024,0.037612974643707275,0.040378082543611526,0.04314319044351578,0.04590829461812973,0.04867340251803398,0.05143851041793823,0.054203614592552185,0.056968722492456436,0.05973383039236069,0.06249893829226494,0.06526404619216919,0.06802915036678314,0.0707942545413971,0.07355936616659164,0.0763244703412056,0.07908958196640015,0.0818546861410141,0.08461979031562805,0.0873849019408226,0.09015000611543655,0.0929151177406311,0.09568022191524506,0.09844532608985901,0.10121043026447296,0.10397554188966751],"_type":"histogram","values":[2,0,0,0,0,0,0,0,0,0,0,0,0,0,0,0,2,0,0,0,0,0,0,0,0,0,0,0,0,0,0,0,0,0,0,1,0,1,0,0,0,0,0,0,0,0,1,0,0,0,0,0,0,0,0,0,0,0,0,0,1,0,0,1]},"_step":9521,"gradients/mlp_extractor.shared_net.2.weight":{"_type":"histogram","values":[1,1,0,2,2,4,3,2,2,4,10,5,11,23,18,20,17,25,35,37,52,33,50,45,52,45,46,48,90,177,1438,124522,2665,448,266,215,155,133,68,46,38,22,27,21,15,21,11,12,19,15,11,10,5,8,4,2,1,4,3,2,2,1,1,1],