{"PPO_4/train/learning_rate":0.00025,"_wandb":{"runtime":1744},"train/clip_range":0.2,"PPO_4/train/approx_kl":0.057771027,"cm_eval/friction_cm_details":{"action":0.5956739187240601,"transition":0.380595862865448,"reward":0.35508278012275696,"state":1.1529369354248047},"train/std":5.1944165,"cm_eval/pose_cm_score":2.29077510535717,"train/value_loss":0.058841225,"PPO_4/train/clip_fraction":0.5665568,"train/episode_reward":0.010742065496742725,"PPO_4/train/policy_gradient_loss":-0.10819287,"cm_eval/visual_reward":-0.07373738456585884,"time/fps":156,"PPO_5/train/entropy_loss":-37.075165,"cm_eval/adaptive_weight_w_p":0.5143470199666663,"PPO_5/train/clip_fraction":0.53256834,"train/clip_fraction":0.59878135,"_runtime":1739.013859937,"PPO_4/time/fps":155,"PPO_5/train/loss":-0.8590412,"PPO_4/train/std":10.361073,"cm_eval/friction_reward":0.3606765930071437,"PPO_5/time/fps":171,"PPO_5/train/explained_variance":0.38496137,"cm_eval/adaptive_weight_w_cm":0.4856529800333337,"cm_eval/mass_reward":0.12593093995920077,"PPO_4/train/explained_variance":0.5852772,"cm_eval/joints_cm_score":2.4116642773151398,"cm_eval/mass_cm_details":{"reward":0.08140392601490021,"state":1.105666160583496,"action":0.5825237035751343,"transition":0.432044118642807},"cm_eval/friction_cm_score":2.4842894971370697,"train/loss":-0.6473841,"PPO_5/train/value_loss":0.034328073,"cm_eval/goal_cm_score":2.4740428924560547,"PPO_5/train/learning_rate":0.00025,"train/explained_variance":0.019723713,"cm_eval/random_cm_details":{"action":0.5888407230377197,"transition":0.3961096405982971,"reward":0.19129765033721924,"state":1.23239266872406},"cm_eval/pose_cm_details":{"reward":0.1755814403295517,"state":1.066880464553833,"action":0.5979450941085815,"transition":0.45036810636520386},"PPO_5/train/clip_range":0.2,"curriculum/current_intervention":"visual","curriculum/post_training_cm_score":2.161174826323986,"cm_eval/pose_reward":0.35795925630591163,"PPO_4/train/loss":-0.7846133,"curriculum/cm_stabilized":false,"global_step":100352,"train/episode":252,"train/approx_kl":0.071229145,"train/entropy_loss":-27.445843,"PPO_5/train/std":15.8370075,"cm_eval/joints_cm_details":{"action":0.5988368391990662,"transition":0.462595134973526,"reward":0.2873839735984802,"state":1.0628483295440674},"_step":2454,"cm_eval/visual_cm_details":{"transition":0.41285860538482666,"reward":0.5324380993843079,"state":1.0310879945755005,"action":0.5922382473945618},"PPO_4/global_step":100352,"cm_eval/intervention_ranking":["friction","pose","visual","random","mass","goal","joints"],"PPO_5/train/policy_gradient_loss":-0.1061829,"PPO_5/global_step":63488,"cm_eval/mass_cm_score":2.2016379088163376,"PPO_4/train/entropy_loss":-33.50358,"_timestamp":1.7520288487412357e+09,"cm_eval/random_reward":0.030426484861410908,"cm_eval/goal_cm_details":{"state":1.1622141599655151,"action":0.5802109241485596,"transition":0.38866958022117615,"reward":0.34294822812080383},"cm_eval/goal_reward":-0.211245074807968,"train/learning_rate":0.00025,"train/intervention_idx":3,"train/current_intervention":"visual","curriculum/intervention_rank":3,"cm_eval/joints_reward":-0.5154496910935012,"PPO_5/train/approx_kl":0.054163843,"cm_eval/random_cm_score":2.408640682697296,"train/policy_gradient_loss":-0.101640515,"cm_eval/visual_cm_score":2.5686229467391968,"PPO_4/train/value_loss":0.03767262,"curriculum/patience_counter":0,"PPO_4/train/clip_range":0.2}