{"cm_eval/friction_cm_score":2.4825830459594727,"cm_eval/mass_reward":-0.15715041905999277,"cm_eval/goal_cm_score":2.4715185165405273,"cm_eval/visual_cm_score":2.5767905712127686,"_runtime":34.376749157,"cm_eval/mass_cm_score":2.2041322365403175,"cm_eval/visual_cm_details":{"action":0.5915527939796448,"transition":0.41506779193878174,"reward":0.5362918972969055,"state":1.0338780879974365},"_step":3,"_timestamp":1.7520259232612398e+09,"_wandb":{"runtime":34},"cm_eval/goal_reward":-0.11808348406033893,"cm_eval/friction_cm_details":{"state":1.1531423330307007,"action":0.5966008305549622,"transition":0.38051629066467285,"reward":0.35232359170913696},"cm_eval/goal_cm_details":{"reward":0.34400543570518494,"state":1.1603983640670776,"action":0.577670693397522,"transition":0.3894440233707428},"cm_eval/friction_reward":0.03542680494508058,"cm_eval/visual_reward":-0.21559186553566914,"cm_eval/mass_cm_details":{"transition":0.431302011013031,"reward":0.08524767309427261,"state":1.1046241521835327,"action":0.5829584002494812}}