{"rollout/ep_rew_mean":2.2542775,"meta_episode":0,"train/entropy_loss":-21.855436,"train/loss":-0.50727236,"rollout/ep_len_mean":251,"student_success_rate":0,"time/fps":443,"cm_scores":{"random":1.88165283203125,"goal":1.7432689666748047,"mass":1.5570627450942993,"friction":1.596418023109436,"visual":1.4193402528762817,"pose":1.6186511516571045},"train/approx_kl":0.082165435,"teacher_action":"visual","epsilon":1,"train/clip_fraction":0.49742126,"_timestamp":1.7526845482105608e+09,"train/clip_range":0.2,"global_step":5062656,"_runtime":190.058594636,"train/std":2.7411911,"teacher_reward":-1,"_step":64,"train/explained_variance":0.8254292,"train/learning_rate":0.00025,"_wandb":{"runtime":205},"train/value_loss":0.23345026,"train/policy_gradient_loss":-0.06283251}