{"gradients/action_net.bias":{"bins":[-0.03335176035761833,-0.03229929134249687,-0.03124682419002056,-0.03019435703754425,-0.02914188802242279,-0.02808941900730133,-0.02703695185482502,-0.02598448470234871,-0.02493201568722725,-0.02387954667210579,-0.02282707951962948,-0.021774612367153168,-0.020722143352031708,-0.019669674336910248,-0.018617207184433937,-0.017564740031957626,-0.016512271016836166,-0.015459802933037281,-0.014407334849238396,-0.01335486676543951,-0.012302398681640625,-0.01124993059784174,-0.010197462514042854,-0.009144994430243969,-0.008092526346445084,-0.007040058262646198,-0.005987590178847313,-0.004935122095048428,-0.0038826540112495422,-0.002830185927450657,-0.0017777178436517715,-0.0007252497598528862,0.0003272145986557007,0.001379682682454586,0.0024321507662534714,0.0034846188500523567,0.004537086933851242,0.005589555017650127,0.006642023101449013,0.007694491185247898,0.008746959269046783,0.009799427352845669,0.010851895436644554,0.01190436352044344,0.012956831604242325,0.01400929968804121,0.015061767771840096,0.016114234924316406,0.017166703939437866,0.018219172954559326,0.019271640107035637,0.020324107259511948,0.021376576274633408,0.022429045289754868,0.02348151244223118,0.02453397959470749,0.02558644860982895,0.02663891762495041,0.02769138477742672,0.02874385192990303,0.02979632094502449,0.03084878996014595,0.03190125524997711,0.03295372426509857,0.03400619328022003],"_type":"histogram","values":[1,0,0,0,0,0,0,0,0,0,1,0,0,0,0,0,0,0,0,0,1,0,0,1,1,1,0,0,0,1,0,0,1,0,0,0,0,0,0,0,0,0,0,0,0,0,0,0,0,0,0,0,0,0,0,0,0,0,0,0,0,0,0,1]},"_timestamp":1.7513058789789107e+09,"train/policy_gradient_loss":-0.010069536,"timesteps":4800000,"_step":999,"_runtime":4212.905160326,"gradients/value_net.bias":{"values":[1],"bins":[-0.055032484233379364,-0.055032484233379364],"_type":"histogram"},"gradients/mlp_extractor.shared_net.0.bias":{"_type":"histogram","values":[1,0,0,1,1,1,0,1,0,0,1,0,0,2,1,0,3,0,0,2,3,4,5,4,3,9,24,122,249,31,3,7,5,2,3,1,6,1,5,3,2,0,0,1,2,1,0,0,0,0,0,0,0,0,0,0,0,0,0,1,0,0,0,1],"bins":[-0.20248417556285858,-0.1952732354402542,-0.18806228041648865,-0.18085134029388428,-0.1736404001712799,-0.16642946004867554,-0.15921850502490997,-0.1520075649023056,-0.14479660987854004,-0.13758566975593567,-0.1303747147321701,-0.12316377460956573,-0.11595283448696136,-0.1087418869137764,-0.10153093934059143,-0.09431999921798706,-0.08710905909538269,-0.07989811152219772,-0.07268717139959335,-0.06547622382640839,-0.05826527997851372,-0.05105433613061905,-0.04384338855743408,-0.03663244470953941,-0.029421500861644745,-0.022210557013750076,-0.014999611303210258,-0.007788665592670441,-0.0005777217447757721,0.0066332221031188965,0.013844169676303864,0.021055113524198532,0.028266042470932007,0.035476986318826675,0.042687930166721344,0.04989887773990631,0.05710982158780098,0.06432076543569565,0.07153171300888062,0.07874265313148499,0.08595360070466995,0.09316454827785492,0.10037548840045929,0.10758643597364426,0.11479738354682922,0.1220083236694336,0.12921926379203796,0.13643021881580353,0.1436411589384079,0.15085209906101227,0.15806305408477783,0.1652739942073822,0.17248493432998657,0.17969587445259094,0.1869068294763565,0.19411776959896088,0.20132872462272644,0.2085396647453308,0.21575061976909637,0.22296155989170074,0.23017250001430511,0.23738345503807068,0.24459439516067505,0.2518053352832794,0.2590162754058838]},"eval/mean_reward":2.7308936,"train/clip_range":0.2,"gradients/action_net.weight":{"bins":[-0.0397980734705925,-0.038646019995212555,-0.03749396651983261,-0.03634191304445267,-0.03518985956907272,-0.03403780609369278,-0.032885752618312836,-0.03173369914293289,-0.0305816438049078,-0.029429590329527855,-0.02827753685414791,-0.027125483378767967,-0.025973428040742874,-0.02482137456536293,-0.023669321089982986,-0.022517267614603043,-0.0213652141392231,-0.020213160663843155,-0.01906110718846321,-0.017909053713083267,-0.016757000237703323,-0.015604945831000805,-0.014452891424298286,-0.013300837948918343,-0.012148784473538399,-0.010996730998158455,-0.009844677522778511,-0.008692623116075993,-0.007540569640696049,-0.006388516165316105,-0.005236462224274874,-0.004084408283233643,-0.0029323548078536987,-0.0017803010996431112,-0.0006282473914325237,0.0005238063167780638,0.0016758600249886513,0.002827913500368595,0.003979967441409826,0.0051320213824510574,0.006284074857831001,0.007436128333210945,0.008588181808590889,0.009740236215293407,0.010892289690673351,0.012044343166053295,0.013196397572755814,0.014348451048135757,0.015500504523515701,0.016652557998895645,0.01780461147427559,0.018956664949655533,0.020108718425035477,0.02126077190041542,0.022412827238440514,0.023564880713820457,0.0247169341892004,0.025868987664580345,0.02702104113996029,0.028173094615340233,0.029325149953365326,0.03047720342874527,0.031629256904125214,0.03278131037950516,0.0339333638548851],"_type":"histogram","values":[1,0,0,0,0,0,0,0,0,1,1,0,0,0,0,0,1,3,2,4,6,5,13,9,14,18,24,31,42,52,78,123,197,295,615,275,180,86,74,41,29,17,13,12,12,6,8,3,5,2,1,1,0,0,0,0,1,1,1,0,0,0,0,1]},"train/clip_fraction":0.17113952,"gradients/mlp_extractor.shared_net.2.weight":{"_type":"histogram","values":[1,0,0,0,0,1,1,5,2,2,2,5,3,6,2,11,10,13,6,14,10,9,10,14,17,19,22,21,43,81,234,925,7304,113543,6999,996,257,115,73,55,48,33,29,16,15,21,16,8,12,13,6,2,5,5,2,4,2,3,0,0,0,0,0,1],"bins":[-0.051836345344781876,-0.05028820037841797,-0.04874005913734436,-0.047191914170980453,-0.04564376920461655,-0.04409562796354294,-0.04254748299717903,-0.040999338030815125,-0.039451196789741516,-0.03790305182337761,-0.036354910582304,-0.034806765615940094,-0.03325862064957619,-0.03171047568321228,-0.030162334442138672,-0.028614189475774765,-0.027066044509410858,-0.0255179014056921,-0.023969756439328194,-0.022421613335609436,-0.02087346836924553,-0.01932532526552677,-0.017777182161808014,-0.016229037195444107,-0.01468089409172535,-0.013132750056684017,-0.011584606021642685,-0.010036462917923927,-0.008488318882882595,-0.006940174847841263,-0.005392031744122505,-0.003843887709081173,-0.002295747399330139,-0.0007476035971194506,0.000800540205091238,0.002348683774471283,0.003896827809512615,0.0054449718445539474,0.006993114948272705,0.008541258983314037,0.01008940301835537,0.011637547053396702,0.013185691088438034,0.014733834192156792,0.01628197729587555,0.017830122262239456,0.019378265365958214,0.02092640846967697,0.02247455343604088,0.024022696539759636,0.025570841506123543,0.0271189846098423,0.028667129576206207,0.030215272679924965,0.03176341578364372,0.03331156075000763,0.03485970199108124,0.036407846957445145,0.03795598819851875,0.03950413316488266,0.04105227813124657,0.042600423097610474,0.04414856433868408,0.04569670930504799,0.047244854271411896]},"train/entropy_loss":-21.433685,"train/explained_variance":0.8175615,"train/value_loss":0.031297617,"gradients/mlp_extractor.shared_net.0.weight":{"_type":"histogram","values":[1,0,0,1,1,1,0,1,0,0,1,0,0,2,1,0,3,0,0,2,3,4,5,4,3,9,42,627,27866,51,3,7,5,2,3,1,6,1,5,3,2,0,0,1,2,1,0,0,0,0,0,0,0,0,0,0,0,0,0,1,0,0,0,1],