{"_runtime":120.839265518,"_step":28,"global_step":5058560,"train/std":2.7411911,"rollout/ep_rew_mean":2.2542775,"train/explained_variance":0.8254292,"train/approx_kl":0.082165435,"train/loss":-0.50727236,"train/learning_rate":0.00025,"train/clip_range":0.2,"train/entropy_loss":-21.855436,"train/policy_gradient_loss":-0.06283251,"_timestamp":1.7526081320217147e+09,"_wandb":{"runtime":133},"rollout/ep_len_mean":251,"train/clip_fraction":0.49742126,"train/value_loss":0.23345026,"time/fps":178}