{"gradients/mlp_extractor.shared_net.2.weight":{"bins":[-0.13087201118469238,-0.12746627628803253,-0.12406054139137268,-0.12065480649471283,-0.11724907159805298,-0.11384333670139313,-0.11043760180473328,-0.10703186690807343,-0.10362613201141357,-0.10022039711475372,-0.09681466221809387,-0.09340892732143402,-0.09000319242477417,-0.08659745752811432,-0.08319172263145447,-0.07978598773479462,-0.07638025283813477,-0.07297451794147491,-0.06956878304481506,-0.06616304814815521,-0.06275731325149536,-0.05935157835483551,-0.05594584345817566,-0.05254010856151581,-0.04913437366485596,-0.045728638768196106,-0.042322903871536255,-0.038917168974876404,-0.03551143407821655,-0.0321056991815567,-0.02869996428489685,-0.025294229388237,-0.02188848704099655,-0.0184827521443367,-0.01507701724767685,-0.011671282351016998,-0.008265547454357147,-0.004859812557697296,-0.001454077661037445,0.001951657235622406,0.005357392132282257,0.008763127028942108,0.01216886192560196,0.01557459682226181,0.01898033171892166,0.022386066615581512,0.025791801512241364,0.029197536408901215,0.032603271305561066,0.03600900620222092,0.03941474109888077,0.04282047599554062,0.04622621089220047,0.04963194578886032,0.05303768068552017,0.05644341558218002,0.059849150478839874,0.06325488537549973,0.06666062027215958,0.07006635516881943,0.07347209006547928,0.07687782496213913,0.08028355985879898,0.08368929475545883,0.08709502965211868],"_type":"histogram","values":[1,3,0,0,1,1,1,2,3,3,6,1,2,10,9,2,3,7,10,14,11,13,17,19,13,13,17,20,20,12,14,15,10,16,28,138,770,6167,118213,4305,508,145,82,66,73,63,47,32,32,29,21,12,13,6,10,9,1,5,3,0,1,1,2,1]},"gradients/log_std":{"_type":"histogram","values":[1,0,0,0,1,0,0,0,0,0,0,0,0,0,0,0,0,1,0,1,0,0,1,0,0,0,0,0,1,1,0,0,0,0,0,0,0,0,0,0,0,0,0,0,0,0,0,0,0,0,0,0,1,0,0,0,0,0,0,0,0,0,0,1],"bins":[-0.0594228059053421,-0.05651901662349701,-0.053615227341651917,-0.050711438059806824,-0.04780765250325203,-0.04490386322140694,-0.042000073939561844,-0.03909628838300705,-0.03619249910116196,-0.033288709819316864,-0.03038492240011692,-0.027481133118271828,-0.024577345699071884,-0.02167355641722679,-0.0187697671353817,-0.015865979716181755,-0.012962188571691513,-0.010058400221168995,-0.0071546114049851894,-0.004250822588801384,-0.0013470342382788658,0.0015567541122436523,0.004460543394088745,0.007364330813288689,0.010268120095133781,0.0131719084456563,0.016075696796178818,0.01897948607802391,0.021883275359869003,0.024787062779068947,0.02769085206091404,0.030594639480113983,0.033498428761959076,0.03640221804380417,0.03930600732564926,0.042209796607494354,0.04511358216404915,0.04801737144589424,0.050921160727739334,0.05382494628429413,0.05672873556613922,0.059632524847984314,0.0625363141298294,0.0654401034116745,0.06834389269351959,0.07124768197536469,0.07415147125720978,0.07705525308847427,0.07995904982089996,0.08286283910274506,0.08576662838459015,0.08867041766643524,0.09157420694828033,0.09447799623012543,0.09738178551197052,0.10028556734323502,0.10318935662508011,0.1060931459069252,0.1089969351887703,0.11190072447061539,0.11480451375246048,0.11770829558372498,0.12061208486557007,0.12351587414741516,0.12641966342926025]},"time/fps":1238,"gradients/value_net.bias":{"_type":"histogram","values":[1],"bins":[-0.06786099076271057,-0.06786099076271057]},"_wandb":{"runtime":677},"train/policy_gradient_loss":-0.020992994,"_timestamp":1.7519989129910326e+09,"train/clip_range":0.2,"rollout/ep_rew_mean":2.717974,"global_step":827392,"_step":2616,"train/approx_kl":0.0106292255,"train/entropy_loss":-31.218397,"train/clip_fraction":0.1318685,"gradients/mlp_extractor.shared_net.0.weight":{"_type":"histogram","values":[1,0,0,0,1,0,0,1,1,0,0,0,1,1,1,0,0,1,2,0,2,4,2,4,2,4,4,16,21,105,28262,159,34,10,5,3,4,0,1,4,3,3,1,3,0,1,0,0,2,0,2,0,0,0,0,0,0,0,0,0,0,0,0,1],"bins":[-4.907863616943359,-4.747429370880127,-4.586995601654053,-4.42656135559082,-4.266127586364746,-4.105693340301514,-3.9452593326568604,-3.784825325012207,-3.6243910789489746,-3.4639570713043213,-3.303523063659668,-3.1430888175964355,-2.9826548099517822,-2.822220802307129,-2.6617867946624756,-2.5013527870178223,-2.340918779373169,-2.1804847717285156,-2.0200507640838623,-1.8596166372299194,-1.6991825103759766,-1.5387485027313232,-1.37831449508667,-1.217880368232727,-1.0574463605880737,-0.8970122933387756,-0.7365782260894775,-0.5761442184448242,-0.4157101511955261,-0.255276083946228,-0.09484207630157471,0.06559205055236816,0.22602605819702148,0.3864601254463196,0.5468941926956177,0.707328200340271,0.8677622675895691,1.0281963348388672,1.1886303424835205,1.3490644693374634,1.5094984769821167,1.66993248462677,1.830366611480713,1.9908006191253662,2.1512346267700195,2.311668872833252,2.472102642059326,2.6325368881225586,2.792970895767212,2.9534049034118652,3.1138389110565186,3.274272918701172,3.4347071647644043,3.5951411724090576,3.755575180053711,3.9160094261169434,4.076443195343018,4.23687744140625,4.397311210632324,4.557745456695557,4.718179225921631,4.878613471984863,5.0390472412109375,5.19948148727417,5.359915733337402]},"train/std":7.8349924,"gradients/action_net.weight":{"bins":[-0.04579659551382065,-0.04424906522035599,-0.04270153120160103,-0.04115400090813637,-0.03960647061467171,-0.03805893659591675,-0.03651140630245209,-0.03496387600898743,-0.033416345715522766,-0.031868815422058105,-0.030321283265948296,-0.028773751109838486,-0.027226220816373825,-0.025678688660264015,-0.024131156504154205,-0.022583626210689545,-0.021036092191934586,-0.019488560035824776,-0.017941029742360115,-0.016393497586250305,-0.01484596636146307,-0.013298435136675835,-0.011750902980566025,-0.01020337175577879,-0.008655840530991554,-0.007108309306204319,-0.005560777615755796,-0.004013245925307274,-0.0024657147005200386,-0.0009181834757328033,0.0006293486803770065,0.002176879905164242,0.003724411129951477,0.005271942354738712,0.006819474045187235,0.008367005735635757,0.009914536960422993,0.011462068185210228,0.013009600341320038,0.014557131566107273,0.01610466279089451,0.017652194947004318,0.01919972524046898,0.02074725739657879,0.0222947895526886,0.02384231984615326,0.02538985200226307,0.02693738415837288,0.02848491445183754,0.03003244660794735,0.03157997876405716,0.03312750905752182,0.03467503935098648,0.03622256964445114,0.0377701036632061,0.03931763395667076,0.04086516797542572,0.04241269826889038,0.04396023228764534,0.04550776258111,0.04705529287457466,0.04860282689332962,0.05015035718679428,0.05169788748025894,0.0532454177737236],"_type":"histogram","values":[1,0,0,0,0,0,1,2,3,3,0,1,2,3,2,6,5,3,6,5,7,8,13,13,24,36,48,69,156,867,272,157,123,98,71,56,45,31,20,30,22,16,18,5,9,7,6,4,5,2,3,3,1,2,1,1,3,2,1,3,1,1,0,1]},"_runtime":677.419433533,"train/value_loss":0.034053892,"train/explained_variance":0.8906119,