{"train/entropy_loss":-22.527542,"_step":158,"global_step":5099520,"time/fps":218,"train/approx_kl":0.054817595,"train/learning_rate":0.00025,"train/policy_gradient_loss":-0.08838185,"train/value_loss":0.016140526,"_runtime":508.037064267,"_timestamp":1.7526967380046194e+09,"_wandb":{"runtime":845},"train/explained_variance":0.8658752,"rollout/ep_rew_mean":3.5982306,"train/loss":-0.5409117,"train/std":2.967555,"rollout/ep_len_mean":672.83,"train/clip_range":0.2,"train/clip_fraction":0.4790263}