{"teacher_reward":0,"train/explained_variance":0.73407084,"meta_episode":5,"_step":1335,"teacher_action":"visual","student_success_rate":0,"cm_scores":{"goal":1.488830804824829,"mass":1.7137022018432617,"friction":1.8687853813171387,"visual":1.5771452188491821,"pose":2.261082172393799,"random":1.5732548236846924},"train/loss":-0.4012431,"train/approx_kl":0.0042965803,"train/learning_rate":1e-05,"_timestamp":1.7526887299349864e+09,"train/clip_range":0.2,"epsilon":0.9039207967999998,"train/value_loss":0.17480685,"global_step":5128192,"train/clip_fraction":0.012272135,"rollout/ep_rew_mean":2.2542775,"_runtime":728.603340214,"rollout/ep_len_mean":251,"time/fps":459,"train/std":2.7919924,"_wandb":{"runtime":730},"train/policy_gradient_loss":-0.0103771025,"train/entropy_loss":-21.998405}