{"cm_eval/intervention_ranking":["visual","joints","random","goal","pose","mass","friction"],"train/clip_range":0.2,"cm_eval/goal_cm_score":2.471811056137085,"global_step":73728,"train/entropy_loss":-25.51797,"cm_eval/joints_cm_details":{"reward":0.2859712839126587,"state":1.0611287355422974,"action":0.5996171236038208,"transition":0.4638833701610565},"time/fps":167,"train/loss":-0.6006528,"cm_eval/pose_reward":-0.2534630585465564,"cm_eval/mass_reward":-0.24637393551822467,"train/learning_rate":0.00025,"cm_eval/goal_reward":-0.13796336772382226,"cm_eval/visual_cm_score":2.5737344622612,"curriculum/current_intervention":"visual","cm_eval/goal_cm_details":{"transition":0.3902986943721771,"reward":0.34223249554634094,"state":1.1604385375976562,"action":0.5788413286209106},"cm_eval/friction_reward":-0.633620947861748,"_timestamp":1.7520266337909474e+09,"curriculum/intervention_rank":1,"cm_eval/random_reward":0.10050564569554517,"cm_eval/random_cm_details":{"action":0.5906444191932678,"transition":0.3968246281147003,"reward":0.1853446066379547,"state":1.2307684421539307},"cm_eval/visual_cm_details":{"state":1.0333220958709717,"action":0.5923033952713013,"transition":0.41447269916534424,"reward":0.5336362719535828},"cm_eval/pose_cm_score":2.298091307282448,"cm_eval/mass_cm_score":2.202765077352524,"cm_eval/friction_cm_score":2.4795921444892883,"train/approx_kl":0.0642003,"cm_eval/random_cm_score":2.4035820960998535,"cm_eval/mass_cm_details":{"action":0.5835267901420593,"transition":0.4318159818649292,"reward":0.08266237378120422,"state":1.104759931564331},"train/std":4.1593857,"cm_eval/adaptive_weight_w_cm":0.48023959096426616,"_wandb":{"runtime":504},"_runtime":502.077577839,"cm_eval/pose_cm_details":{"action":0.5994952917098999,"transition":0.45133399963378906,"reward":0.1792694479227066,"state":1.0679925680160522},"train/value_loss":0.0615044,"cm_eval/friction_cm_details":{"transition":0.37889963388442993,"reward":0.352867066860199,"state":1.1528242826461792,"action":0.5950011610984802},"cm_eval/joints_reward":0.3795544678699135,"cm_eval/adaptive_weight_w_p":0.5197604090357338,"cm_eval/visual_reward":0.41680052078454155,"_step":395,"train/policy_gradient_loss":-0.10021006,"cm_eval/joints_cm_score":2.4106005132198334,"train/explained_variance":0.6844542,"train/clip_fraction":0.5731954}