{"train/entropy_loss":-23.365969,"validation_reward":-0.8142377938617781,"_runtime":595.381669793,"rollout/ep_rew_mean":2.9821084,"meta_episode":1,"epsilon":0.98,"avg_cm_score":1.6876143217086792,"_step":1005,"train/approx_kl":0.024896344,"rollout/ep_len_mean":501,"student_success_rate":0,"train/clip_range":0.2,"teacher_reward":-1,"global_step":5160960,"validation_success":0,"train/explained_variance":0.77501506,"train/std":3.2578814,"teacher_q_values":[-0.15783828496932983,-0.3692304193973541,-0.13677866756916046,0.19583426415920258,-0.04166177287697792,-0.06669141352176666],"teacher_action":"visual","train/loss":-0.50925934,"cm_scores":{"mass":1.7297143936157227,"friction":1.864469289779663,"visual":1.5613101720809937,"pose":2.3135337829589844,"random":1.5640977621078491,"goal":1.5554852485656738},"train/value_loss":0.03903418,"_timestamp":1.7526961694951665e+09,"train/clip_fraction":0.26839194,"_wandb":{"runtime":597},"train/policy_gradient_loss":-0.039504655,"train/learning_rate":0.00027,"time/fps":453}