{"PPO_15/train/std":2.8173325,"PPO_7/train/clip_range":0.2,"PPO_12/train/entropy_loss":-26.287807,"train/ep_reward_mean":0.012690039351582527,"PPO_11/train/approx_kl":0.061439767,"train/entropy_loss":-21.738184,"curriculum/cm_relative_drop":0.09398951915047295,"PPO_10/train/loss":-0.57732636,"PPO_11/train/std":4.247694,"PPO_10/train/clip_range":0.2,"PPO_14/train/clip_range":0.2,"PPO_18/time/fps":193,"PPO_15/train/loss":-0.54513836,"PPO_6/train/policy_gradient_loss":-0.083350115,"PPO_15/train/value_loss":0.04769695,"PPO_9/train/explained_variance":0.84148276,"PPO_18/train/learning_rate":0.00025,"PPO_15/time/fps":175,"cm_eval/pose_cm_score":2.133521519601345,"PPO_12/train/std":4.5220575,"PPO_14/train/value_loss":0.043092385,"PPO_8/train/value_loss":0.027927486,"PPO_15/train/clip_range":0.2,"PPO_10/train/policy_gradient_loss":-0.09385122,"PPO_15/global_step":10240,"PPO_18/train/value_loss":0.027927486,"PPO_16/train/entropy_loss":-22.597006,"PPO_18/train/std":3.3773413,"PPO_12/train/clip_range":0.2,"PPO_12/train/explained_variance":0.6069815,"curriculum/timesteps":40000,"PPO_9/train/entropy_loss":-24.305044,"cm_eval/goal_cm_details":{"state":1.055718183517456,"action":0.5784872770309448,"transition":0.40987128019332886,"reward":0.0672290101647377},"PPO_9/train/approx_kl":0.061049417,"PPO_13/train/std":4.866995,"PPO_6/train/approx_kl":0.0661464,"PPO_11/train/explained_variance":0.7307668,"PPO_18/train/explained_variance":0.72058797,"cm_eval/goal_cm_score":2.1113057509064674,"PPO_17/train/loss":-0.5561617,"PPO_16/train/explained_variance":0.45196265,"PPO_5/train/explained_variance":0.5014046,"PPO_8/time/fps":204,"PPO_17/train/approx_kl":0.06776641,"global_step":10240,"PPO_7/train/policy_gradient_loss":-0.10502242,"PPO_17/train/clip_fraction":0.59104615,"train/current_intervention":"friction","train/clip_range":0.2,"PPO_17/time/fps":185,"PPO_9/time/fps":197,"train/explained_variance":0.6381421,"PPO_5/train/learning_rate":0.00025,"PPO_7/train/entropy_loss":-23.142757,"PPO_15/train/clip_fraction":0.5432068,"PPO_6/train/explained_variance":0.45196265,"PPO_5/train/std":2.8173325,"PPO_18/train/loss":-0.59049076,"PPO_11/train/clip_fraction":0.57999676,"PPO_11/train/value_loss":0.04646991,"PPO_14/time/fps":178,"PPO_17/train/entropy_loss":-23.142757,"PPO_14/train/loss":-0.5252216,"PPO_13/train/policy_gradient_loss":-0.10348864,"PPO_13/train/value_loss":0.054080296,"cm_eval/friction_cm_score":2.369091272354126,"PPO_17/train/policy_gradient_loss":-0.10502242,"_step":1372,"PPO_9/train/value_loss":0.029769596,"PPO_13/global_step":10240,"PPO_11/train/entropy_loss":-25.725098,"PPO_11/global_step":10240,"PPO_12/train/loss":-0.6380284,"PPO_16/train/loss":-0.51083744,"PPO_5/train/entropy_loss":-22.076109,"PPO_8/train/explained_variance":0.72058797,"train/intervention_idx":2,"PPO_5/train/clip_fraction":0.5432068,"PPO_7/train/learning_rate":0.00025,"train/episode":40,"PPO_7/train/loss":-0.5561617,"PPO_9/train/loss":-0.60161865,"PPO_6/global_step":10240,"PPO_17/train/value_loss":0.06833061,"PPO_16/global_step":10240,"PPO_16/train/clip_range":0.2,"PPO_16/train/learning_rate":0.00025,"PPO_9/train/policy_gradient_loss":-0.11500491,"PPO_14/train/policy_gradient_loss":-0.106825665,"PPO_8/train/approx_kl":0.07683569,"curriculum/intervention_rank":2,"PPO_12/global_step":10240,"PPO_17/train/std":3.1861331,"curriculum/current_intervention":"friction","cm_eval/random_cm_details":{"action":0.5572925806045532,"transition":0.37987005710601807,"reward":0.3769860565662384,"state":1.094647765159607},"PPO_8/global_step":10240,"PPO_14/train/clip_fraction":0.512264,"PPO_10/time/fps":182,"PPO_18/train/clip_fraction":0.6079224,"PPO_5/time/fps":208,"PPO_16/train/clip_fraction":0.5053914,"PPO_10/train/explained_variance":0.6873538,"PPO_9/train/learning_rate":0.00025,"PPO_10/train/value_loss":0.06226803,"PPO_7/train/approx_kl":0.06776641,"PPO_7/time/fps":205,"PPO_12/train/value_loss":0.05442058,"curriculum/current_cm_score":2.1464215219020844,"PPO_5/train/value_loss":0.04769695,"PPO_16/train/std":2.9959776,"PPO_8/train/policy_gradient_loss":-0.11411642,"PPO_14/train/learning_rate":0.00025,"PPO_7/train/clip_fraction":0.59104615,"PPO_17/train/clip_range":0.2,"PPO_14/train/explained_variance":0.6381421,"PPO_12/train/learning_rate":0.00025,"cm_eval/friction_cm_details":{"state":1.0182234048843384,"action":0.587361752986908,"transition":0.43039393424987793,"reward":0.3331121802330017},"curriculum/cm_sufficient_reduction":false,"PPO_8/train/entropy_loss":-23.663536,"PPO_17/train/learning_rate":0.00025,"PPO_11/train/clip_range":0.2,"cm_eval/mass_cm_score":2.231359638273716,"PPO_15/train/policy_gradient_loss":-0.10274539,"PPO_8/train/loss":-0.59049076,"_wandb":{"runtime":1022},"PPO_16/train/approx_kl":0.0661464,"PPO_7/global_step":10240,"PPO_9/global_step":10240,"PPO_12/train/clip_fraction":0.6014669,"PPO_8/train/std":3.3773413,"PPO_6/train/loss":-0.51083744,"PPO_8/train/learning_rate":0.00025,"PPO_13/train/explained_variance":0.6523674,"_timestamp":1.7520326249174287e+09,"PPO_18/train/approx_kl":0.07683569,"PPO_15/train/approx_kl":0.052607775,"PPO_13/train/loss":-0.6445843,"PPO_18/train/entropy_loss":-23.663536,"PPO_5/train/clip_range":0.2,"PPO_8/train/clip_fraction":0.6079224,"PPO_10/train/std":3.9181757,"PPO_18/global_step":10240,"PPO_5/train/loss":-0.54513836,"train/clip_fraction":0.512264,"PPO_12/train/policy_gradient_loss":-0.099619806,"train/episode_reward":0.01727968640625477,"PPO_9/train/clip_range":0.2,"train/learning_rate":0.00025,"PPO_14/train/std":2.7128632,"train/value_loss":0.043092385,"PPO_13/train/approx_kl":0.04264067,"train/policy_gradient_loss":-0.106825665,"PPO_5/train/policy_gradient_loss":-0.10274539,"PPO_12/train/approx_kl":0.06393787,"PPO_10/train/learning_rate":0.00025,"PPO_9/train/std":3.631722,"_runtime":1022.354546465,"PPO_18/train/policy_gradient_loss":-0.11411642,"PPO_13/train/clip_range":0.2,"PPO_6/train/entropy_loss":-22.597006,"PPO_13/train/clip_fraction":0.4968282,"PPO_7/train/std":3.1861331,"train/std":2.7128632,"PPO_11/train/learning_rate":0.00025,"PPO_10/train/approx_kl":0.073091,"PPO_13/time/fps":196,"cm_eval/random_cm_score":2.4087964594364166,"cm_eval/intervention_ranking":["random","friction","mass","visual","pose","goal"],"PPO_16/time/fps":174,"PPO_18/train/clip_range":0.2,"PPO_13/train/learning_rate":0.00025,"cm_eval/mass_cm_details":{"state":1.0983772277832031,"action":0.5666177272796631,"transition":0.44587576389312744,"reward":0.12048891931772232},"PPO_5/global_step":10240,"train/loss":-0.5252216,"PPO_16/train/policy_gradient_loss":-0.083350115,"PPO_10/train/entropy_loss":-24.972696,"PPO_15/train/entropy_loss":-22.076109,"PPO_14/global_step":10240,"PPO_6/train/clip_fraction":0.5053914,"PPO_6/train/clip_range":0.2,"PPO_10/train/clip_fraction":0.5883586,"PPO_14/train/approx_kl":0.049657904,"PPO_17/global_step":10240,"PPO_5/train/approx_kl":0.052607775,"PPO_15/train/explained_variance":0.5014046,"PPO_16/train/value_loss":0.07812473,"PPO_7/train/explained_variance":0.68275523,"PPO_14/train/entropy_loss":-21.738184,"PPO_6/train/value_loss":0.07812473,"PPO_9/train/clip_fraction":0.60975546,"PPO_6/train/learning_rate":0.00025,"PPO_17/train/explained_variance":0.68275523,"PPO_13/train/entropy_loss":-26.899084,"PPO_15/train/learning_rate":0.00025,"PPO_8/train/clip_range":0.2,"cm_eval/visual_cm_score":2.2085533514618874,"cm_eval/visual_cm_details":{"state":1.1212166547775269,"action":0.5706138610839844,"transition":0.3980914354324341,"reward":0.11863140016794205},"PPO_12/time/fps":178,"PPO_6/time/fps":206,"PPO_6/train/std":2.9959776,"cm_eval/pose_cm_details":{"reward":0.11556344479322433,"state":1.05158269405365,"action":0.5563095211982727,"transition":0.4100658595561981},"PPO_11/train/loss":-0.62429446,"train/approx_kl":0.049657904,"time/fps":196,"PPO_10/global_step":10240,"PPO_7/train/value_loss":0.06833061,"PPO_11/time/fps":179,"PPO_11/train/policy_gradient_loss":-0.108869925}