{"cm_eval/visual_reward":-0.2587182866863579,"cm_eval/joints_cm_score":2.4081624150276184,"cm_eval/random_cm_score":2.4035930782556534,"cm_eval/visual_cm_score":2.5736064314842224,"cm_eval/pose_cm_details":{"state":1.0673892498016357,"action":0.5974932312965393,"transition":0.4508247673511505,"reward":0.17711834609508514},"cm_eval/joints_reward":-0.11792456713625062,"global_step":53248,"cm_eval/goal_cm_score":2.4702247381210327,"curriculum/intervention_rank":1,"train/entropy_loss":-24.09963,"cm_eval/mass_cm_score":2.1984507218003273,"train/ep_reward_mean":0.028966328129172325,"curriculum/current_intervention":"visual","cm_eval/random_reward":-0.12270810636933885,"train/intervention_idx":1,"_runtime":378.194634069,"_step":518,"train/episode":212,"cm_eval/pose_reward":-0.2587682297399191,"train/loss":-0.56941587,"cm_eval/goal_reward":-0.39224819114277176,"train/current_intervention":"visual","train/std":3.5458968,"cm_eval/friction_cm_score":2.4816432893276215,"cm_eval/pose_cm_score":2.2928255945444107,"train/explained_variance":0.5431112,"_wandb":{"runtime":382},"train/clip_fraction":0.48898518,"cm_eval/friction_cm_details":{"action":0.5958998799324036,"transition":0.37970778346061707,"reward":0.3540017008781433,"state":1.1520339250564575},"cm_eval/mass_cm_details":{"state":1.1046290397644043,"action":0.5828111171722412,"transition":0.43035098910331726,"reward":0.08065957576036453},"train/learning_rate":0.00025,"time/fps":170,"cm_eval/random_cm_details":{"action":0.5893114805221558,"transition":0.39691755175590515,"reward":0.18532972037792206,"state":1.2320343255996704},"cm_eval/adaptive_weight_w_p":0.5079237365581198,"cm_eval/joints_cm_details":{"action":0.5982382297515869,"transition":0.46343037486076355,"reward":0.2851661145687103,"state":1.0613276958465576},"train/policy_gradient_loss":-0.08801409,"_timestamp":1.7520293186559222e+09,"train/approx_kl":0.048922792,"cm_eval/mass_reward":-0.6950433243876303,"cm_eval/friction_reward":-0.37850784313147623,"cm_eval/adaptive_weight_w_cm":0.49207626344188016,"cm_eval/visual_cm_details":{"action":0.5924109816551208,"transition":0.41434144973754883,"reward":0.5348383188247681,"state":1.0320156812667847},"train/clip_range":0.2,"cm_eval/goal_cm_details":{"state":1.1595501899719238,"action":0.5790407061576843,"transition":0.3886086642742157,"reward":0.34302517771720886},"train/episode_reward":-0.005094899795949459,"train/value_loss":0.040528465,"cm_eval/intervention_ranking":["visual","joints","random","friction","goal","pose","mass"]}