{"_runtime":22.37372226,"train/entropy_loss":-21.682558,"train/std":2.6999772,"train/explained_variance":0.6504532,"_step":42,"global_step":16384,"train/approx_kl":0.012181164,"_wandb":{"runtime":22},"train/value_loss":0.114836395,"time/fps":1338,"train/loss":-0.41610405,"_timestamp":1.7516717595136812e+09,"train/clip_range":0.2,"train/policy_gradient_loss":-0.0275111,"rollout/ep_rew_mean":0.71154886,"rollout/ep_len_mean":251,"train/clip_fraction":0.13780925,"train/learning_rate":0.00025}