{"gradients/mlp_extractor.shared_net.0.bias":{"_type":"histogram","values":[1,0,0,0,1,0,0,0,1,1,0,0,1,2,3,3,4,4,5,8,10,11,16,12,17,18,40,37,131,30,15,10,5,8,14,13,18,8,5,12,6,4,5,10,2,1,4,2,5,1,1,1,2,1,1,0,0,0,1,0,0,0,0,1],"bins":[-13.463298797607422,-12.995417594909668,-12.527535438537598,-12.059654235839844,-11.59177303314209,-11.123891830444336,-10.656009674072266,-10.188128471374512,-9.720247268676758,-9.252366065979004,-8.784483909606934,-8.31660270690918,-7.848721504211426,-7.380839824676514,-6.912958145141602,-6.445076942443848,-5.9771952629089355,-5.509313583374023,-5.0414323806762695,-4.573550701141357,-4.1056694984436035,-3.6377878189086914,-3.1699063777923584,-2.7020249366760254,-2.2341434955596924,-1.7662620544433594,-1.2983806133270264,-0.8304990530014038,-0.3626176118850708,0.10526394844055176,0.5731453895568848,1.0410268306732178,1.5089082717895508,1.9767897129058838,2.444671154022217,2.912552833557129,3.380434036254883,3.848315715789795,4.316197395324707,4.784078598022461,5.251959800720215,5.719841480255127,6.187722682952881,6.655604362487793,7.123485565185547,7.591367244720459,8.059248924255371,8.527130126953125,8.995012283325195,9.46289348602295,9.93077564239502,10.398656845092773,10.866538047790527,11.334419250488281,11.802301406860352,12.270182609558105,12.73806381225586,13.205945014953613,13.673827171325684,14.141708374023438,14.609589576721191,15.077470779418945,15.545352935791016,16.013233184814453,16.481115341186523]},"gradients/value_net.bias":{"bins":[0.16273832321166992,0.16273832321166992],"_type":"histogram","values":[1]},"_wandb":{"runtime":2141},"gradients/value_net.weight":{"bins":[-0.7297767400741577,-0.7047893404960632,-0.6798019409179688,-0.654814600944519,-0.6298272013664246,-0.6048398017883301,-0.5798524022102356,-0.5548650026321411,-0.5298776030540466,-0.5048902034759521,-0.47990283370018005,-0.45491543412208557,-0.4299280345439911,-0.404940664768219,-0.3799532651901245,-0.35496586561203003,-0.32997849583625793,-0.30499109625816345,-0.28000372648239136,-0.2550163269042969,-0.2300289273262024,-0.2050415426492691,-0.18005415797233582,-0.15506675839424133,-0.13007937371730804,-0.10509198158979416,-0.08010458946228027,-0.055117204785346985,-0.0301298126578331,-0.005142420530319214,0.019844964146614075,0.04483236372470856,0.06981974840164185,0.09480714052915573,0.11979453265666962,0.1447819173336029,0.1697693169116974,0.19475670158863068,0.21974408626556396,0.24473148584365845,0.26971888542175293,0.2947062849998474,0.3196936547756195,0.344681054353714,0.36966845393180847,0.39465582370758057,0.41964322328567505,0.44463062286376953,0.4696179926395416,0.4946053922176361,0.5195927619934082,0.5445801615715027,0.5695675611495972,0.5945549607276917,0.6195423603057861,0.6445297002792358,0.6695170998573303,0.6945044994354248,0.7194918990135193,0.7444792985916138,0.7694666385650635,0.794454038143158,0.8194414377212524,0.8444288372993469,0.8694162368774414],"_type":"histogram","values":[1,0,0,1,2,0,1,0,0,3,2,0,2,2,2,3,5,1,1,1,5,8,8,4,8,11,4,14,13,43,10,4,5,8,2,9,6,13,3,6,3,2,5,3,8,6,3,2,1,1,2,1,0,3,0,2,1,0,0,0,1,0,0,1]},"gradients/log_std":{"bins":[-0.09399785101413727,-0.09165012091398239,-0.08930239081382751,-0.08695466071367264,-0.08460693061351776,-0.08225920796394348,-0.0799114778637886,-0.07756374776363373,-0.07521601766347885,-0.07286828756332397,-0.0705205574631691,-0.06817282736301422,-0.06582510471343994,-0.06347737461328506,-0.06112964451313019,-0.05878191441297531,-0.056434184312820435,-0.05408645421266556,-0.05173872411251068,-0.0493909977376461,-0.047043267637491226,-0.04469553753733635,-0.04234781116247177,-0.040000081062316895,-0.03765235096216202,-0.03530462086200714,-0.032956890761852264,-0.030609164386987686,-0.02826143428683281,-0.025913704186677933,-0.023565975949168205,-0.021218247711658478,-0.018870513886213303,-0.016522783786058426,-0.014175055548548698,-0.011827326379716396,-0.009479597210884094,-0.007131868042051792,-0.00478413887321949,-0.0024364106357097626,-8.868053555488586e-05,0.0022590486332774162,0.004606777802109718,0.00695450697094202,0.009302236139774323,0.011649965308606625,0.013997694477438927,0.016345422714948654,0.01869315281510353,0.021040882915258408,0.023388611152768135,0.025736339390277863,0.02808406949043274,0.030431799590587616,0.03277952969074249,0.03512725606560707,0.03747498616576195,0.039822716265916824,0.0421704426407814,0.04451817274093628,0.046865902841091156,0.04921363294124603,0.05156136304140091,0.05390908941626549,0.056256819516420364],"_type":"histogram","values":[1,0,0,0,0,0,0,1,0,0,0,0,0,0,0,1,0,0,0,0,0,1,0,0,0,0,0,0,0,0,0,0,0,1,1,0,0,0,0,0,0,0,0,0,0,0,1,0,0,0,0,0,0,0,0,0,0,0,1,0,0,0,0,1]},"train/clip_range":0.2,"rollout/ep_len_mean":251,"time/fps":940,"global_step":2002944,"gradients/mlp_extractor.shared_net.0.weight":{"_type":"histogram","values":[1,2,1,1,2,2,0,5,6,8,6,10,10,9,38,34,40,42,50,77,98,106,145,166,229,269,480,1121,10489,3060,1044,439,266,179,124,113,52,57,32,37,20,14,6,17,8,3,4,3,5,4,0,2,4,1,1,0,0,0,1,0,0,0,0,1],"bins":[-13.305916786193848,-12.844259262084961,-12.382600784301758,-11.920943260192871,-11.459285736083984,-10.997628211975098,-10.535970687866211,-10.074312210083008,-9.612654685974121,-9.150997161865234,-8.689338684082031,-8.227681159973145,-7.766023635864258,-7.304366111755371,-6.842708110809326,-6.381050109863281,-5.9193925857543945,-5.457735061645508,-4.996077060699463,-4.534419059753418,-4.072761535644531,-3.6111037731170654,-3.1494460105895996,-2.687788248062134,-2.226130485534668,-1.7644727230072021,-1.3028149604797363,-0.8411571979522705,-0.3794994354248047,0.08215832710266113,0.543816089630127,1.0054738521575928,1.4671306610107422,1.928788423538208,2.390446186065674,2.8521039485931396,3.3137617111206055,3.7754194736480713,4.237077236175537,4.698735237121582,5.160392761230469,5.6220502853393555,6.0837082862854,6.545366287231445,7.007023811340332,7.468681335449219,7.930339336395264,8.391997337341309,8.853654861450195,9.315312385559082,9.776969909667969,10.238628387451172,10.700285911560059,11.161943435668945,11.623601913452148,12.085259437561035,12.546916961669922,13.008574485778809,13.470232009887695,13.931890487670898,14.393548011779785,14.855205535888672,15.316864013671875,15.778521537780762,16.24017906188965]},"gradients/action_net.weight":{"_type":"histogram","values":[2,2,1,6,2,6,11,21,23,28,29,31,19,20,22,23,29,22,30,34,30,40,41,47,62,59,74,360,230,119,94,61,70,61,62,45,35,52,55,50,40,44,25,28,31,22,21,28,18,15,8,4,4,2,2,1,1,1,0,0,0,0,0,1],"bins":[-0.017235374078154564,-0.01661943458020687,-0.016003495082259178,-0.01538755465298891,-0.014771614223718643,-0.01415567472577095,-0.013539735227823257,-0.012923795729875565,-0.012307855300605297,-0.011691915802657604,-0.011075975373387337,-0.010460035875439644,-0.009844096377491951,-0.009228155948221684,-0.00861221645027399,-0.007996276021003723,-0.00738033652305603,-0.00676439655944705,-0.00614845659583807,-0.005532517097890377,-0.004916577134281397,-0.004300637170672417,-0.00368469743989408,-0.0030687577091157436,-0.0024528177455067635,-0.001836877898313105,-0.0012209380511194468,-0.0006049982039257884,1.094164326786995e-05,0.0006268816068768501,0.0012428213376551867,0.0018587610684335232,0.002474699169397354,0.0030906391330063343,0.003706578863784671,0.004322518594563007,0.0049384585581719875,0.005554398521780968,0.006170338019728661,0.006786277983337641,0.007402217946946621,0.008018157444894314,0.008634097874164581,0.009250037372112274,0.009865976870059967,0.010481917299330235,0.011097856797277927,0.011713797226548195,0.012329736724495888,0.01294567622244358,0.013561616651713848,0.014177556149661541,0.014793496578931808,0.015409436076879501,0.016025375574827194,0.016641315072774887,0.01725725457072258,0.017873194068670273,0.018489133566617966,0.019105074927210808,0.0197210144251585,0.020336953923106194,0.020952893421053886,0.02156883291900158,0.02218477427959442]},"_step":6348,"gradients/mlp_extractor.shared_net.2.weight":{"_type":"histogram",