{"train/learning_rate":0.00025,"train/explained_variance":0.7229094,"student_success_rate":0,"train/approx_kl":0.018374024,"train/std":3.2088716,"time/fps":438,"train/policy_gradient_loss":-0.037621576,"train/entropy_loss":-23.22532,"cm_scores":{"pose":2.3135337829589844,"random":1.5640977621078491,"goal":1.5554852485656738,"mass":1.7297143936157227,"friction":1.864469289779663,"visual":1.5613101720809937},"validation_success":0,"epsilon":0.98,"global_step":5152768,"train/value_loss":0.08573965,"train/clip_range":0.2,"avg_cm_score":1.6876143217086792,"rollout/ep_len_mean":251,"rollout/ep_rew_mean":2.2542775,"teacher_action":"visual","meta_episode":1,"train/clip_fraction":0.2076172,"_wandb":{"runtime":541},"train/loss":-0.479665,"validation_reward":-0.8142377938617781,"_runtime":540.043147539,"_timestamp":1.7526940520803125e+09,"teacher_reward":-1,"teacher_q_values":[-0.15783828496932983,-0.3692304193973541,-0.13677866756916046,0.19583426415920258,-0.04166177287697792,-0.06669141352176666],"_step":639}