{"epsilon":0.8858423808639998,"train/clip_fraction":0.5702362,"_runtime":953.038947312,"train/explained_variance":0.71150255,"teacher_reward":0,"global_step":5132288,"train/std":3.219878,"train/value_loss":0.014437495,"rollout/ep_len_mean":251,"time/fps":209,"train/approx_kl":0.07364313,"_timestamp":1.75260689239498e+09,"_step":1427,"train/learning_rate":0.00025,"teacher_action":"goal","student_success_rate":0,"train/entropy_loss":-23.237053,"cm_scores":{"friction":2.216776132583618,"visual":2.1132729053497314,"pose":2.2731406688690186,"random":2.208801507949829,"goal":2.1979238986968994,"mass":2.515916585922241},"_wandb":{"runtime":968},"train/clip_range":0.2,"meta_episode":6,"rollout/ep_rew_mean":2.2542775,"train/loss":-0.5800523,"train/policy_gradient_loss":-0.103076585}