{"cm_eval/random_cm_score":2.1341607198119164,"cm_eval/intervention_ranking":["pose","friction","mass","visual","random","joints","goal"],"cm_eval/friction_reward":1.0195326140696281,"time/fps":392,"curriculum/post_training_cm_score":2.1722775250673294,"train/value_loss":0.022875257,"cm_eval/goal_reward":1.0195326140696281,"cm_eval/goal_cm_score":2.1113057509064674,"cm_eval/visual_cm_score":2.2085533514618874,"_step":3119,"_timestamp":1.7520310494250612e+09,"rollout/ep_rew_mean":2.2542775,"train/loss":-0.62301165,"train/entropy_loss":-25.234512,"cm_eval/friction_cm_details":{"reward":0.3331121802330017,"state":1.0182234048843384,"action":0.587361752986908,"transition":0.43039393424987793},"global_step":5120000,"_runtime":546.125131354,"cm_eval/joints_reward":1.0195326140696281,"cm_eval/mass_reward":1.0195326140696281,"cm_eval/mass_cm_score":2.231359638273716,"train/approx_kl":0.057335347,"cm_eval/random_cm_details":{"state":1.0645427703857422,"action":0.5852739214897156,"transition":0.40871044993400574,"reward":0.07563357800245285},"train/std":4.0123925,"curriculum/timesteps":70000,"cm_eval/mass_cm_details":{"state":1.0983772277832031,"action":0.5666177272796631,"transition":0.44587576389312744,"reward":0.12048891931772232},"train/clip_range":0.2,"train/policy_gradient_loss":-0.1093098,"cm_eval/friction_cm_score":2.369091272354126,"train/clip_fraction":0.57986045,"rollout/ep_len_mean":251,"cm_eval/goal_cm_details":{"transition":0.40987128019332886,"reward":0.0672290101647377,"state":1.055718183517456,"action":0.5784872770309448},"cm_eval/random_reward":1.0195326140696281,"train/explained_variance":0.49278653,"train/learning_rate":0.00025,"curriculum/intervention_rank":1,"curriculum/cm_relative_drop":0.11551450602088296,"cm_eval/pose_cm_score":2.4087964594364166,"cm_eval/pose_reward":1.0195326140696281,"cm_eval/joints_cm_score":2.133521519601345,"cm_eval/visual_cm_details":{"state":1.1212166547775269,"action":0.5706138610839844,"transition":0.3980914354324341,"reward":0.11863140016794205},"cm_eval/joints_cm_details":{"action":0.5563095211982727,"transition":0.4100658595561981,"reward":0.11556344479322433,"state":1.05158269405365},"_wandb":{"runtime":547},"cm_eval/pose_cm_details":{"action":0.5572925806045532,"transition":0.37987005710601807,"reward":0.3769860565662384,"state":1.094647765159607},"curriculum/current_intervention":"pose","cm_eval/visual_reward":1.0195326140696281}