{"eval/mean_reward":4.2340903,"global_step":3002368,"train/learning_rate":0.00025,"time/fps":1262,"final/total_testing_steps":0,"_wandb":{"runtime":2390},"gradients/mlp_extractor.shared_net.0.bias":{"_type":"histogram","values":[1,0,0,0,0,0,0,0,0,0,0,0,0,0,0,0,1,1,1,2,1,2,4,1,0,2,1,6,2,3,4,4,23,319,89,12,6,4,2,0,6,3,2,0,1,0,1,0,1,1,0,1,1,0,0,0,1,0,1,0,1,0,0,1],"bins":[-0.3035489320755005,-0.2945553958415985,-0.2855618894100189,-0.27656835317611694,-0.26757484674453735,-0.2585813105106354,-0.2495877891778946,-0.2405942678451538,-0.23160074651241302,-0.22260722517967224,-0.21361370384693146,-0.20462018251419067,-0.1956266462802887,-0.1866331398487091,-0.17763960361480713,-0.16864608228206635,-0.15965256094932556,-0.15065903961658478,-0.141665518283844,-0.1326719969511032,-0.12367846816778183,-0.11468494683504105,-0.10569141805171967,-0.09669789671897888,-0.0877043753862381,-0.07871085405349731,-0.06971733272075653,-0.06072380393743515,-0.051730282604694366,-0.04273676127195358,-0.0337432362139225,-0.02474971115589142,-0.015756189823150635,-0.006762666627764702,0.002230856567621231,0.011224379763007164,0.020217902958393097,0.02921142429113388,0.03820494934916496,0.047198474407196045,0.05619199573993683,0.06518551707267761,0.0741790384054184,0.08317256718873978,0.09216608852148056,0.10115960985422134,0.11015313863754272,0.11914665997028351,0.1281401813030243,0.13713370263576508,0.14612722396850586,0.15512074530124664,0.16411426663398743,0.1731078028678894,0.1821013242006302,0.19109484553337097,0.20008836686611176,0.20908188819885254,0.21807540953159332,0.2270689308643341,0.23606246709823608,0.24505597352981567,0.25404950976371765,0.26304304599761963,0.2720365524291992]},"rollout/ep_rew_mean":2.3234158,"_step":9522,"train/value_loss":0.055163547,"train/clip_range":0.2,"gradients/action_net.weight":{"_type":"histogram","values":[2,0,3,1,0,1,2,1,3,4,1,8,9,8,8,13,20,14,28,18,39,35,32,49,54,59,87,117,545,221,108,102,72,84,81,75,63,45,44,53,31,34,17,16,18,17,11,11,6,5,4,6,3,3,1,3,3,0,1,1,1,1,0,2],"bins":[-0.00752688804641366,-0.007266502361744642,-0.007006117142736912,-0.006745731458067894,-0.006485345773398876,-0.006224960088729858,-0.005964574404060841,-0.00570418918505311,-0.005443803500384092,-0.0051834178157150745,-0.004923032596707344,-0.004662646912038326,-0.0044022612273693085,-0.004141875542700291,-0.0038814900908619165,-0.0036211046390235424,-0.0033607189543545246,-0.003100333269685507,-0.0028399478178471327,-0.0025795623660087585,-0.0023191766813397408,-0.002058790996670723,-0.0017984055448323488,-0.0015380199765786529,-0.001277634408324957,-0.001017248840071261,-0.000756863271817565,-0.000496477703563869,-0.00023609213531017303,2.429343294352293e-05,0.0002846790011972189,0.0005450645694509149,0.0008054506033658981,0.001065836171619594,0.00132622173987329,0.001586607308126986,0.001846992876380682,0.0021073785610497,0.002367764012888074,0.002628149464726448,0.002888535149395466,0.0031489208340644836,0.0034093062859028578,0.003669691737741232,0.00393007742241025,0.0041904631070792675,0.004450848326086998,0.004711234010756016,0.004971619695425034,0.005232005380094051,0.005492391064763069,0.0057527762837708,0.006013161968439817,0.006273547653108835,0.006533932872116566,0.0067943185567855835,0.007054704241454601,0.007315089926123619,0.007575475610792637,0.007835861295461655,0.008096246048808098,0.008356631733477116,0.008617017418146133,0.008877403102815151,0.009137788787484169]},"gradients/mlp_extractor.shared_net.2.bias":{"_type":"histogram","values":[1,0,0,0,0,0,1,0,0,0,0,0,0,0,0,0,0,0,0,1,0,0,0,0,1,227,21,2,0,0,1,0,0,0,0,0,0,0,0,0,0,0,0,0,0,0,0,0,0,0,0,0,0,0,0,0,0,0,0,0,0,0,0,1],"bins":[-0.1005190908908844,-0.09660803526639938,-0.09269697219133377,-0.08878591656684875,-0.08487485349178314,-0.08096379786729813,-0.07705274224281311,-0.0731416791677475,-0.06923061609268188,-0.06531956046819687,-0.061408497393131256,-0.05749744176864624,-0.05358637869358063,-0.04967532306909561,-0.0457642637193203,-0.04185320436954498,-0.03794214874505997,-0.03403108939528465,-0.03012003004550934,-0.026208972558379173,-0.02229791320860386,-0.018386853858828545,-0.01447579637169838,-0.010564737021923065,-0.006653677672147751,-0.002742618788033724,0.0011684400960803032,0.005079498514533043,0.008990557864308357,0.012901617214083672,0.016812674701213837,0.02072373405098915,0.024634793400764465,0.02854585275053978,0.032456912100315094,0.03636796772480011,0.04027903079986572,0.04419008642435074,0.04810114577412605,0.05201220512390137,0.05592326447367668,0.059834323823451996,0.06374537944793701,0.06765644252300262,0.07156749814748764,0.07547856122255325,0.07938961684703827,0.08330067992210388,0.0872117355465889,0.09112279117107391,0.09503385424613953,0.09894490987062454,0.10285597294569016,0.10676702857017517,0.11067809164524078,0.1145891472697258,0.11850020289421082,0.12241125851869583,0.12632231414318085,0.13023337721824646,0.13414444029331207,0.13805550336837769,0.1419665515422821,0.14587761461734772,0.14978867769241333]},"train/loss":-1.0588984,"final/total_training_steps":0,"train/explained_variance":0.804445,"final/contamination_ratio":0,"train/std":100.25714,"_runtime":2390.02472397,"train/clip_fraction":0.058984376,"gradients/mlp_extractor.shared_net.2.weight":{"values":[2,1,0,0,0,2,2,2,3,8,8,9,12,24,27,37,50,69,72,84,78,79,106,139,186,127278,2216,177,65,20,13,17,19,27,22,20,20,17,33,22,18,12,18,14,6,7,5,6,4,5,1,2,1,2,1,1,0,0,0,0,1,1,0,1],"bins":[-0.16302677989006042,-0.15670688450336456,-0.1503870040178299,-0.14406710863113403,-0.13774721324443817,-0.1314273327589035,-0.12510743737220764,-0.11878754943609238,-0.11246766149997711,-0.10614777356386185,-0.09982787817716599,-0.09350799024105072,-0.08718810230493546,-0.08086821436882019,-0.07454831898212433,-0.06822843104600906,-0.0619085356593132,-0.05558864399790764,-0.049268756061792374,-0.04294886440038681,-0.036628976464271545,-0.030309084802865982,-0.02398919314146042,-0.017669305205345154,-0.01134941354393959,-0.005029523279517889,0.0012903669849038124,0.007610257714986801,0.013930147513747215,0.02025003731250763,0.026569928973913193,0.03288981691002846,0.03920970857143402,0.045529600232839584,0.05184948816895485,0.05816937983036041,0.06448926776647568,0.07080915570259094,0.0771290510892868,0.08344893902540207,0.08976882696151733,0.0960887148976326,0.10240861028432846,0.10872849822044373,0.11504838615655899,0.12136827409267426,0.12768816947937012,0.13400804996490479,0.14032796025276184,0.1466478556394577,0.15296773612499237,0.15928763151168823,0.1656075268983841,0.17192740738391876,0.17824730277061462,0.1845671832561493,0.19088707864284515,0.19720697402954102,0.20352685451507568,0.20984674990177155,0.2161666452884674,0.22248652577400208,0.22880642116069794,0.2351263165473938,0.24144619703292847],"_type":"histogram"},"train/entropy_loss":-53.660637,"gradients/value_net.bias":{"values":[1],"bins":[0.09232912957668304,0.09232912957668304],"_type":"histogram"},"gradients/action_net.bias":{"_type":"histogram","values":[1,1,0,0,0,0,0,0,0,0,0,0,0,0,0,0,0,0,0,0,0,0,0,0,1,0,0,0,1,0,0,0,0,0,0,0,0,1,0,0,0,0,0,0,0,0,0,0,1,0,0,1,0,0,1,0,0,0,0,0,0,0,0,1],