{"_timestamp":1.7513010966064065e+09,"train/loss":-0.2738621,"train/clip_range":0.2,"gradients/mlp_extractor.shared_net.0.bias":{"_type":"histogram","values":[2,0,4,1,3,2,2,2,2,3,3,5,2,8,9,6,10,13,12,11,12,15,20,20,189,14,19,15,10,9,15,13,9,6,3,8,9,4,3,2,2,2,2,2,2,0,1,0,0,1,0,0,0,0,0,1,1,0,0,0,1,0,1,1],"bins":[-0.0023097768425941467,-0.0022151919547468424,-0.0021206072997301817,-0.0020260224118828773,-0.0019314377568662167,-0.0018368529854342341,-0.0017422682140022516,-0.0016476833261549473,-0.0015530986711382866,-0.001458513899706304,-0.0013639291282743216,-0.001269344356842339,-0.0011747595854103565,-0.001080174813978374,-0.0009855900425463915,-0.0008910052129067481,-0.0007964203832671046,-0.0007018356118351221,-0.0006072508404031396,-0.0005126660689711571,-0.0004180812684353441,-0.0003234964970033616,-0.0002289116964675486,-0.0001343269250355661,-3.9742153603583574e-05,5.484262510435656e-05,0.0001494274038122967,0.00024401218979619443,0.00033859696122817695,0.00043318173266015947,0.0005277665331959724,0.000622351304627955,0.0007169360760599375,0.00081152084749192,0.0009061056189239025,0.001000690390355885,0.0010952751617878675,0.00118985993321985,0.0012844447046518326,0.001379029592499137,0.0014736142475157976,0.0015681990189477801,0.0016627837903797626,0.0017573685618117452,0.0018519533332437277,0.0019465381046757102,0.0020411228761076927,0.002135707763954997,0.0022302926518023014,0.0023248775396496058,0.0024194621946662664,0.002514047082513571,0.0026086317375302315,0.002703216625377536,0.0027978012803941965,0.002892386168241501,0.0029869708232581615,0.003081555711105466,0.0031761403661221266,0.003270725253969431,0.0033653099089860916,0.003459894796833396,0.0035544794518500566,0.003649064339697361,0.0037436489947140217]},"train/learning_rate":0.00025,"_step":111,"gradients/mlp_extractor.shared_net.0.weight":{"_type":"histogram","values":[2,0,4,1,3,2,2,2,2,3,3,5,2,8,9,6,10,13,12,12,12,17,43,437,27660,250,29,15,10,9,15,13,9,6,3,8,9,4,3,2,2,2,2,2,2,0,1,0,0,1,0,0,0,0,0,1,1,0,0,0,1,0,1,1],"bins":[-0.04619554430246353,-0.04430384933948517,-0.042412154376506805,-0.04052045941352844,-0.03862876072525978,-0.03673706576228142,-0.034845370799303055,-0.03295367583632469,-0.03106198087334633,-0.029170285910367966,-0.027278589084744453,-0.02538689412176609,-0.023495199158787727,-0.021603502333164215,-0.019711807370185852,-0.01782011240720749,-0.015928415581583977,-0.014036719687283039,-0.012145024724304676,-0.010253328830003738,-0.008361633867025375,-0.006469937972724438,-0.0045782420784235,-0.002686547115445137,-0.0007948512211441994,0.0010968443239107728,0.002988539868965745,0.004880235530436039,0.006771930959075689,0.00866362638771534,0.010555322282016277,0.01244701724499464,0.014338713139295578,0.01623040810227394,0.018122104927897453,0.020013799890875816,0.02190549485385418,0.02379719167947769,0.025688886642456055,0.027580581605434418,0.02947227656841278,0.031363971531391144,0.03325566649436951,0.03514736145734787,0.03703906014561653,0.038930755108594894,0.04082245007157326,0.04271414503455162,0.04460584372282028,0.046497538685798645,0.04838923364877701,0.05028092861175537,0.05217262730002403,0.054064322263002396,0.05595601722598076,0.05784771218895912,0.059739407151937485,0.06163110211491585,0.06352280080318451,0.06541449576616287,0.06730619072914124,0.0691978856921196,0.07108958065509796,0.07298127561807632,0.07487297058105469]},"_runtime":592.276129326,"gradients/action_net.bias":{"_type":"histogram","values":[1,0,1,0,0,0,0,1,0,0,0,0,0,0,0,0,0,0,0,1,0,1,0,0,0,0,0,0,0,0,0,0,0,0,0,0,0,0,0,0,0,0,0,0,0,0,0,0,0,0,1,0,1,0,1,0,0,0,0,0,0,0,0,1],"bins":[-0.050072021782398224,-0.048444513231515884,-0.046817000955343246,-0.04518949240446091,-0.04356198385357857,-0.04193447530269623,-0.04030696302652359,-0.03867945447564125,-0.03705194592475891,-0.03542443737387657,-0.033796925097703934,-0.032169416546821594,-0.030541907995939255,-0.028914397582411766,-0.027286887168884277,-0.025659378618001938,-0.0240318663418293,-0.02240435592830181,-0.020776847377419472,-0.019149336963891983,-0.017521828413009644,-0.015894317999482155,-0.014266807585954666,-0.012639298103749752,-0.011011788621544838,-0.009384279139339924,-0.0077567691914737225,-0.006129259243607521,-0.004501749761402607,-0.002874240279197693,-0.0012467298656702042,0.00038077961653470993,0.0020082853734493256,0.0036357950884848833,0.005263304803520441,0.0068908147513866425,0.008518324233591557,0.01014583371579647,0.01177334412932396,0.013400853611528873,0.015028363093733788,0.016655873507261276,0.018283382058143616,0.019910892471671104,0.021538402885198593,0.023165911436080933,0.02479342184960842,0.02642093226313591,0.02804844081401825,0.029675951227545738,0.03130346164107323,0.032930970191955566,0.034558478742837906,0.036185987293720245,0.03781349956989288,0.03944100812077522,0.04106851667165756,0.0426960252225399,0.04432353749871254,0.04595104604959488,0.04757855460047722,0.04920606315135956,0.050833575427532196,0.052461083978414536,0.05408859625458717]},"train/clip_fraction":0.090433754,"train/policy_gradient_loss":-0.0021145355,"gradients/value_net.bias":{"_type":"histogram","values":[1],"bins":[0.031332992017269135,0.031332992017269135]},"gradients/value_net.weight":{"_type":"histogram","values":[231,8,1,1,0,0,1,2,1,0,0,0,0,0,0,2,0,0,0,0,2,0,2,2,0,0,0,0,0,0,0,0,0,0,0,0,0,1,0,1,0,0,0,0,0,0,0,0,0,0,0,0,0,0,0,0,0,0,0,0,0,0,0,1],"bins":[-0.0008042703266255558,5.972897633910179e-05,0.0009237282793037593,0.001787727465853095,0.0026517268270254135,0.003515726188197732,0.00437972554937005,0.0052437251433730125,0.006107724271714687,0.006971723400056362,0.007835722528398037,0.008699722588062286,0.009563721716403961,0.010427720844745636,0.01129171997308731,0.012155719101428986,0.01301971822977066,0.013883717358112335,0.01474771648645401,0.015611715614795685,0.01647571474313736,0.017339713871479034,0.01820371299982071,0.019067713990807533,0.019931713119149208,0.020795712247490883,0.021659711375832558,0.022523710504174232,0.023387709632515907,0.02425171062350273,0.025115709751844406,0.02597970888018608,0.026843706145882607,0.02770770527422428,0.028571704402565956,0.02943570353090763,0.030299702659249306,0.03116370365023613,0.032027702778577805,0.03289170190691948,0.033755701035261154,0.03461970016360283,0.035483699291944504,0.03634769842028618,0.03721169754862785,0.03807569667696953,0.0389396958053112,0.03980369493365288,0.04066769406199455,0.04153169319033623,0.0423956923186779,0.04325969144701958,0.04412369057536125,0.04498768970370293,0.0458516888320446,0.046715687960386276,0.04757969081401825,0.048443689942359924,0.0493076890707016,0.050171688199043274,0.05103568732738495,0.051899686455726624,0.0527636855840683,0.05362768471240997,0.05449168384075165]},"train/std":1.1541886,"train/value_loss":0.00031250386,