{"train/std":1.9039391,"_runtime":4116.805727947,"_step":999,"gradients/mlp_extractor.shared_net.0.weight":{"bins":[-5.7332916259765625,-5.53171443939209,-5.330137252807617,-5.1285600662231445,-4.926982879638672,-4.725405693054199,-4.523828983306885,-4.322251796722412,-4.1206746101379395,-3.919097423553467,-3.717520236968994,-3.5159432888031006,-3.314366102218628,-3.1127889156341553,-2.9112119674682617,-2.709634780883789,-2.5080575942993164,-2.3064804077148438,-2.104903221130371,-1.9033262729644775,-1.7017490863800049,-1.5001718997955322,-1.2985948324203491,-1.097017765045166,-0.8954405784606934,-0.6938634514808655,-0.4922863245010376,-0.2907091975212097,-0.08913207054138184,0.11244511604309082,0.3140221834182739,0.515599250793457,0.7171759605407715,0.9187530875205994,1.1203302145004272,1.3219072818756104,1.523484468460083,1.7250616550445557,1.9266387224197388,2.128215789794922,2.3297929763793945,2.531370162963867,2.73294734954834,2.9345242977142334,3.136101484298706,3.3376786708831787,3.5392556190490723,3.740832805633545,3.9424099922180176,4.14398717880249,4.345564365386963,4.5471415519714355,4.74871826171875,4.950295448303223,5.151872634887695,5.353449821472168,5.555027008056641,5.756604194641113,5.958181381225586,6.159758567810059,6.361335754394531,6.562912940979004,6.764489650726318,6.966066837310791,7.167644023895264],"_type":"histogram","values":[1,1,1,0,0,2,4,4,2,3,10,8,21,22,52,59,76,105,114,132,152,171,177,197,176,167,267,975,14075,810,256,158,104,101,96,98,71,52,43,28,19,21,18,10,16,11,10,7,6,7,10,6,3,1,2,1,1,0,2,0,1,0,0,1]},"train/value_loss":5.030837,"eval/mean_success":237,"gradients/log_std":{"values":[1,0,1,0,1,0,0,0,0,0,0,0,0,0,0,0,0,0,0,0,0,1,0,0,0,0,0,1,0,0,0,0,0,0,0,2,1,0,0,0,0,0,0,0,0,0,0,0,0,0,0,0,0,0,0,0,0,0,0,0,0,0,0,1],"bins":[-0.05951076000928879,-0.057232871651649475,-0.05495498329401016,-0.05267709493637085,-0.05039920657873154,-0.048121318221092224,-0.04584342613816261,-0.0435655377805233,-0.04128764942288399,-0.039009761065244675,-0.03673187270760536,-0.03445398434996605,-0.03217609226703644,-0.029898205772042274,-0.027620315551757812,-0.0253424271941185,-0.023064538836479187,-0.020786650478839874,-0.01850876212120056,-0.0162308719009161,-0.013952983543276787,-0.011675095185637474,-0.009397205896675587,-0.007119316607713699,-0.004841428250074387,-0.0025635394267737865,-0.0002856506034731865,0.0019922382198274136,0.004270127043128014,0.006548015400767326,0.008825904689729214,0.011103793978691101,0.01338168978691101,0.015659578144550323,0.017937466502189636,0.020215356722474098,0.02249324508011341,0.024771133437752724,0.027049023658037186,0.0293269120156765,0.03160480037331581,0.033882688730955124,0.03616057708859444,0.03843846544623375,0.04071635752916336,0.04299424588680267,0.045272134244441986,0.0475500226020813,0.04982791095972061,0.052105799317359924,0.05438368767499924,0.05666157603263855,0.05893946439027786,0.061217352747917175,0.06349524110555649,0.0657731294631958,0.06805102527141571,0.07032891362905502,0.07260680198669434,0.07488469034433365,0.07716257870197296,0.07944046705961227,0.08171835541725159,0.0839962512254715,0.08627413213253021],"_type":"histogram"},"gradients/value_net.bias":{"bins":[0.3633720874786377,0.3633720874786377],"_type":"histogram","values":[1]},"time/fps":1229,"gradients/action_net.weight":{"bins":[-0.07093213498592377,-0.06887224316596985,-0.06681234389543533,-0.06475245207548141,-0.0626925602555275,-0.06063266471028328,-0.05857276916503906,-0.056512877345085144,-0.054452985525131226,-0.05239308997988701,-0.05033319815993309,-0.04827330261468887,-0.046213410794734955,-0.04415351524949074,-0.04209361970424652,-0.0400337278842926,-0.037973832339048386,-0.03591393679380417,-0.03385404497385025,-0.03179414942860603,-0.029734257608652115,-0.027674362063407898,-0.02561446838080883,-0.023554574698209763,-0.021494681015610695,-0.019434787333011627,-0.01737489365041256,-0.015314999036490917,-0.01325510535389185,-0.011195211671292782,-0.00913531705737114,-0.007075423374772072,-0.005015529692173004,-0.002955635776743293,-0.0008957418613135815,0.0011641522869467735,0.0032240459695458412,0.005283939652144909,0.007343834266066551,0.009403727948665619,0.011463621631264687,0.013523515313863754,0.015583408996462822,0.01764330267906189,0.019703198224306107,0.021763090044260025,0.023822985589504242,0.02588287927210331,0.027942772954702377,0.030002666637301445,0.03206256031990051,0.03412245586514473,0.03618234768509865,0.038242243230342865,0.04030213505029678,0.042362030595541,0.04442192614078522,0.046481821686029434,0.04854171350598335,0.05060160905122757,0.05266150087118149,0.054721396416425705,0.05678129196166992,0.05884118378162384,0.06090107560157776],"_type":"histogram","values":[3,4,5,1,4,5,6,4,4,5,5,1,3,2,6,3,4,15,18,19,17,18,27,41,70,81,67,84,69,83,101,95,121,112,769,71,56,46,38,23,14,17,31,32,41,15,8,3,4,1,1,2,1,2,1,1,2,0,2,4,3,3,7,3]},"train/clip_fraction":0.14549866,"_timestamp":1.751311564874297e+09,"rollout/ep_rew_mean":356.30734,"train/learning_rate":0.00025,"gradients/mlp_extractor.shared_net.2.bias":{"_type":"histogram","values":[1,0,0,0,0,2,6,3,6,6,9,10,4,3,1,0,3,2,1,1,0,2,5,62,3,2,2,2,1,0,3,2,0,1,2,7,9,5,8,11,16,13,11,13,7,2,6,1,0,1,0,0,0,0,0,0,0,0,0,0,0,0,0,1],"bins":[-0.18664151430130005,-0.17882557213306427,-0.1710096150636673,-0.16319367289543152,-0.15537771582603455,-0.14756177365779877,-0.139745831489563,-0.13192987442016602,-0.12411392480134964,-0.11629797518253326,-0.10848202556371689,-0.10066607594490051,-0.09285013377666473,-0.08503417670726776,-0.07721823453903198,-0.0694022849202156,-0.06158633530139923,-0.053770385682582855,-0.04595443606376648,-0.0381384901702404,-0.030322540551424026,-0.02250659093260765,-0.014690645039081573,-0.006874695420265198,0.000941254198551178,0.008757202886044979,0.01657315157353878,0.024389099329710007,0.03220504894852638,0.04002099856734276,0.047836944460868835,0.05565289407968521,0.06346884369850159,0.07128479331731796,0.07910074293613434,0.08691668510437012,0.09473264217376709,0.10254858434200287,0.11036453396081924,0.11818048357963562,0.1259964406490326,0.13381238281726837,0.14162833988666534,0.14944428205490112,0.1572602391242981,0.16507618129253387,0.17289212346076965,0.18070808053016663,0.1885240226984024,0.19633996486663818,0.20415592193603516,0.21197186410427094,0.2197878211736679,0.2276037633419037,0.23541972041130066,0.24323566257953644,0.2510516047477722,0.2588675618171692,0.2666834890842438,0.27449944615364075,0.2823154032230377,0.2901313602924347,0.2979472875595093,0.30576324462890625,0.3135792016983032]},"train/explained_variance":0.99788696,"eval/mean_reward":372.91503373932164,