{"_step":26,"global_step":6144,"rollout/ep_rew_mean":0.46283573,"_wandb":{"runtime":15},"train/clip_range":0.2,"rollout/ep_len_mean":251,"train/explained_variance":0.67953634,"_runtime":15.023479468,"train/learning_rate":0.0003,"train/approx_kl":0.029090412,"train/entropy_loss":-21.579939,"train/value_loss":0.042190783,"train/loss":-0.27503777,"train/policy_gradient_loss":-0.05004104,"_timestamp":1.7513100771530106e+09,"time/fps":735,"train/clip_fraction":0.34072265,"train/std":2.6715093}