{"global_step":5058560,"time/fps":250,"_runtime":89.954785038,"train/clip_range":0.2,"train/value_loss":0.026897421,"train/approx_kl":0.035446957,"rollout/ep_len_mean":251,"rollout/ep_rew_mean":2.2542775,"train/clip_fraction":0.3963908,"_wandb":{"runtime":100},"train/explained_variance":0.79303104,"train/std":2.6632779,"train/loss":-0.5268174,"train/policy_gradient_loss":-0.08432883,"train/entropy_loss":-21.585752,"train/learning_rate":0.00025,"_step":28,"_timestamp":1.7526927582463865e+09}