{"teacher_q_values":[-0.16058559715747833,-0.3784615099430084,-0.1272374540567398,0.19346727430820465,-0.04706723615527153,-0.06831331551074982],"time/fps":410,"train/loss":-0.62105715,"train/std":7.8534718,"rollout/ep_len_mean":8408.68,"_timestamp":1.7527615590714653e+09,"cm_scores":{"pose":2.204636335372925,"random":1.6086660623550415,"goal":1.5290417671203613,"mass":1.6713594198226929,"friction":1.871290922164917,"visual":1.5965054035186768},"_step":143159,"validation_reward":-2.076597804067707,"rollout/ep_rew_mean":-0.8036848,"train/learning_rate":1.5700429e-05,"avg_cm_score":1.6885366439819336,"train/clip_fraction":0.043977864,"student_success_rate":0,"train/value_loss":0.04280582,"train/explained_variance":0.8780855,"meta_episode":29,"teacher_action":"visual","validation_success":0,"patience_remaining":50000,"epsilon":0.5566166524310581,"train/approx_kl":0.0050600804,"train/entropy_loss":-31.26527,"global_step":6643712,"_runtime":34537.460235872,"teacher_reward":0,"stagnation_steps":0,"train/policy_gradient_loss":-0.010403621,"_wandb":{"runtime":34537},"train/clip_range":0.2}