{"train/explained_variance":0.59681106,"train/clip_range":0.2,"gradients/mlp_extractor.shared_net.2.weight":{"_type":"histogram","values":[2,3,1,1,1,1,0,1,5,2,8,9,8,16,11,15,19,23,32,39,40,31,46,65,60,46,63,54,136,1808,122096,5015,412,263,164,120,87,56,52,40,22,28,20,30,20,19,14,11,9,5,9,9,8,4,3,1,0,0,2,0,1,1,4,1],"bins":[-0.12625131011009216,-0.12212830781936646,-0.11800529807806015,-0.11388228833675385,-0.10975928604602814,-0.10563628375530243,-0.10151327401399612,-0.09739026427268982,-0.09326726198196411,-0.0891442596912384,-0.0850212499499321,-0.0808982402086258,-0.07677523791790009,-0.07265223562717438,-0.06852922588586807,-0.06440621614456177,-0.06028321385383606,-0.05616020783782005,-0.05203720182180405,-0.04791419580578804,-0.043791189789772034,-0.03966818377375603,-0.03554517775774002,-0.031422171741724014,-0.027299165725708008,-0.023176159709692,-0.019053153693675995,-0.014930147677659988,-0.010807141661643982,-0.0066841356456279755,-0.002561129629611969,0.0015618763864040375,0.005684897303581238,0.009807903319597244,0.01393090933561325,0.018053915351629257,0.022176921367645264,0.02629992738366127,0.030422933399677277,0.03454593941569328,0.03866894543170929,0.042791951447725296,0.0469149574637413,0.05103796347975731,0.055160969495773315,0.05928397551178932,0.06340698152780533,0.06752999126911163,0.07165299355983734,0.07577599585056305,0.07989900559186935,0.08402201533317566,0.08814501762390137,0.09226801991462708,0.09639102965593338,0.10051403939723969,0.1046370416879654,0.1087600439786911,0.1128830537199974,0.11700606346130371,0.12112906575202942,0.12525206804275513,0.12937507033348083,0.13349808752536774,0.13762108981609344]},"gradients/log_std":{"_type":"histogram","values":[1,0,1,0,0,0,0,0,0,0,0,1,0,0,0,0,0,0,0,0,0,0,0,1,1,0,0,0,0,0,0,1,0,0,0,0,0,0,0,0,1,0,0,0,0,0,0,0,0,0,0,0,0,0,0,0,0,0,0,0,0,1,0,1],"bins":[-0.10189473628997803,-0.09854350984096527,-0.09519227594137192,-0.09184104949235916,-0.0884898230433464,-0.08513858914375305,-0.0817873626947403,-0.07843613624572754,-0.07508490979671478,-0.07173368334770203,-0.06838244944810867,-0.06503122299909592,-0.06167999655008316,-0.058328766375780106,-0.05497753620147705,-0.051626309752464294,-0.04827507585287094,-0.044923845678567886,-0.04157261922955513,-0.038221389055252075,-0.03487016260623932,-0.031518932431936264,-0.02816770225763321,-0.024816473945975304,-0.021465245634317398,-0.018114017322659492,-0.014762788079679012,-0.011411558836698532,-0.008060330525040627,-0.004709102213382721,-0.0013578720390796661,0.0019933562725782394,0.005344584584236145,0.00869581289589405,0.01204704213887453,0.015398271381855011,0.018749499693512917,0.022100728005170822,0.025451958179473877,0.028803186491131783,0.03215441480278969,0.03550564497709274,0.0388568714261055,0.042208101600408554,0.04555933177471161,0.048910558223724365,0.05226178839802742,0.055613018572330475,0.05896424502134323,0.062315475195646286,0.06566670536994934,0.0690179318189621,0.07236915826797485,0.07572038471698761,0.07907161861658096,0.08242284506559372,0.08577407896518707,0.08912530541419983,0.09247653931379318,0.09582776576280594,0.0991789922118187,0.10253022611141205,0.1058814525604248,0.10923267900943756,0.11258390545845032]},"_runtime":2415.656749269,"train/std":33.7282,"gradients/action_net.weight":{"_type":"histogram","values":[1,0,0,2,0,1,1,1,5,1,2,1,5,3,5,3,7,5,12,5,14,7,10,8,7,12,15,27,30,38,61,75,117,185,773,158,130,92,83,62,41,37,37,32,32,32,22,15,16,13,12,9,8,6,7,4,4,5,1,2,1,1,1,2],"bins":[-0.02838582918047905,-0.02756190113723278,-0.026737971231341362,-0.025914043188095093,-0.025090113282203674,-0.024266185238957405,-0.023442257195711136,-0.022618327289819717,-0.021794399246573448,-0.02097047120332718,-0.02014654129743576,-0.01932261325418949,-0.018498685210943222,-0.017674755305051804,-0.016850827261805534,-0.016026899218559265,-0.015202969312667847,-0.014379040338099003,-0.013555111363530159,-0.01273118332028389,-0.011907254345715046,-0.011083325371146202,-0.010259397327899933,-0.009435468353331089,-0.008611539378762245,-0.007787610404193401,-0.006963681895285845,-0.006139753386378288,-0.005315824411809444,-0.004491895437240601,-0.003667966928333044,-0.0028440384194254875,-0.0020201094448566437,-0.0011961807031184435,-0.0003722519613802433,0.0004516767803579569,0.001275605522096157,0.002099534496665001,0.0029234630055725574,0.003747391514480114,0.004571320489048958,0.005395249463617802,0.006219177972525358,0.007043106481432915,0.007867035456001759,0.008690964430570602,0.009514892473816872,0.010338821448385715,0.01116275042295456,0.011986679397523403,0.012810608372092247,0.013634536415338516,0.01445846538990736,0.015282394364476204,0.016106322407722473,0.01693025231361389,0.01775418035686016,0.01857810840010643,0.01940203830599785,0.020225966349244118,0.021049894392490387,0.021873824298381805,0.022697752341628075,0.023521680384874344,0.024345610290765762]},"_wandb":{"runtime":2415},"train/clip_fraction":0.08855794,"eval/mean_reward":2.4760938,"gradients/mlp_extractor.shared_net.0.weight":{"values":[1,0,0,0,0,0,0,0,0,0,0,0,0,0,0,1,0,0,0,0,1,0,0,1,0,0,0,2,1,2,3,0,0,3,5,7,5,24,75,28170,275,41,20,12,4,4,4,0,0,2,1,0,2,0,1,0,0,0,1,0,0,0,1,3],"bins":[-4.064158916473389,-3.96207594871521,-3.8599929809570312,-3.7579100131988525,-3.655827045440674,-3.553744077682495,-3.4516611099243164,-3.3495781421661377,-3.247495174407959,-3.1454122066497803,-3.0433292388916016,-2.941246271133423,-2.839163303375244,-2.7370803356170654,-2.6349973678588867,-2.532914400100708,-2.4308314323425293,-2.3287484645843506,-2.226665496826172,-2.124582529067993,-2.0224995613098145,-1.9204165935516357,-1.818333625793457,-1.7162506580352783,-1.6141679286956787,-1.5120849609375,-1.4100019931793213,-1.3079190254211426,-1.2058360576629639,-1.1037530899047852,-1.0016701221466064,-0.8995872139930725,-0.797504186630249,-0.6954212188720703,-0.5933382511138916,-0.4912553131580353,-0.38917234539985657,-0.28708940744400024,-0.18500643968582153,-0.08292347192764282,0.01915949583053589,0.121242456138134,0.22332541644573212,0.32540836930274963,0.42749133706092834,0.5295742750167847,0.6316572427749634,0.7337402105331421,0.8358231782913208,0.9379061460494995,1.0399891138076782,1.142072081565857,1.2441550493240356,1.3462378978729248,1.4483208656311035,1.5504038333892822,1.652486801147461,1.7545697689056396,1.8566527366638184,1.958735704421997,2.060818672180176,2.1629016399383545,2.264984607696533,2.367067575454712,2.4691505432128906],"_type":"histogram"},"gradients/value_net.bias":{"_type":"histogram","values":[1],"bins":[0.0679214596748352,0.0679214596748352]},"train/policy_gradient_loss":-0.013817827,"rollout/ep_rew_mean":0.76889277,"train/learning_rate":0.00025,"gradients/action_net.bias":{"_type":"histogram","values":[1,0,0,0,0,0,0,0,0,0,0,0,0,0,0,0,0,0,0,0,0,0,0,0,0,0,0,1,0,0,1,0,2,0,0,0,0,0,0,0,0,0,1,0,0,0,0,0,0,0,0,1,0,0,1,0,0,0,0,0,0,0,0,1],