{"cm_eval/adaptive_weight_w_p":0.489109420938354,"train/loss":-0.5767087,"cm_eval/mass_cm_score":2.2036889120936394,"train/episode":244,"_runtime":420.857525378,"train/approx_kl":0.081700295,"cm_eval/pose_cm_details":{"transition":0.4509103000164032,"reward":0.17907722294330597,"state":1.0678070783615112,"action":0.5992421507835388},"cm_eval/adaptive_weight_w_cm":0.510890579061646,"train/episode_reward":-0.04009799659252167,"train/current_intervention":"pose","cm_eval/pose_cm_score":2.297036752104759,"cm_eval/friction_cm_score":2.4802029728889465,"cm_eval/mass_reward":-0.19818457806328854,"cm_eval/random_cm_details":{"transition":0.3962109684944153,"reward":0.18783892691135406,"state":1.2308974266052246,"action":0.5884131789207458},"train/value_loss":0.07090822,"train/explained_variance":0.44773304,"_step":573,"cm_eval/goal_reward":-0.09290843300553328,"train/policy_gradient_loss":-0.081472196,"cm_eval/goal_cm_score":2.469460517168045,"cm_eval/intervention_ranking":["pose","random","friction","visual","goal","mass","joints"],"train/clip_range":0.2,"curriculum/current_intervention":"pose","time/fps":171,"curriculum/intervention_rank":1,"cm_eval/joints_cm_details":{"state":1.0606906414031982,"action":0.598559558391571,"transition":0.46400129795074463,"reward":0.2838386297225952},"cm_eval/friction_reward":0.0035087628706133244,"train/learning_rate":0.00025,"cm_eval/mass_cm_details":{"reward":0.0820157453417778,"state":1.1057740449905396,"action":0.5843199491500854,"transition":0.4315791726112366},"cm_eval/joints_reward":-0.4746540473071977,"cm_eval/pose_reward":0.35726956707853763,"cm_eval/visual_cm_details":{"transition":0.41531601548194885,"reward":0.5337264537811279,"state":1.0322144031524658,"action":0.5913487076759338},"cm_eval/random_cm_score":2.40336050093174,"cm_eval/visual_reward":-0.18941004739036651,"cm_eval/random_reward":0.12242401740242714,"_timestamp":1.7520270871788497e+09,"cm_eval/joints_cm_score":2.407090127468109,"cm_eval/visual_cm_score":2.5726055800914764,"train/intervention_idx":1,"cm_eval/goal_cm_details":{"reward":0.3411177694797516,"state":1.1594445705413818,"action":0.5798478722572327,"transition":0.38905030488967896},"_wandb":{"runtime":423},"train/std":3.8027775,"global_step":61440,"train/clip_fraction":0.5813212,"cm_eval/friction_cm_details":{"reward":0.351960152387619,"state":1.1523581743240356,"action":0.5960171222686768,"transition":0.3798675239086151},"train/entropy_loss":-24.693684}