{"train/loss":-0.4528694,"train/explained_variance":0.47667617,"_timestamp":1.751922145790519e+09,"_step":15,"train/value_loss":0.09192103,"train/std":2.6687543,"global_step":8192,"train/learning_rate":0.00025,"train/clip_range":0.2,"rollout/ep_rew_mean":1.6902169,"time/fps":981,"_runtime":20.757711436,"rollout/ep_len_mean":251,"train/approx_kl":0.018917445,"_wandb":{"runtime":20},"train/clip_fraction":0.212028,"train/entropy_loss":-21.578085,"train/policy_gradient_loss":-0.035702407}