{"gradients/mlp_extractor.shared_net.0.bias":{"_type":"histogram","values":[1,0,0,0,0,0,0,0,1,1,2,1,1,0,4,5,1,2,5,3,5,6,10,7,5,18,18,29,40,203,31,18,23,7,15,7,7,4,3,2,7,4,0,2,3,0,2,1,0,0,2,0,1,1,1,0,0,1,0,0,1,0,0,1],"bins":[-0.052791766822338104,-0.050984013825654984,-0.04917626082897186,-0.04736851155757904,-0.04556075856089592,-0.0437530055642128,-0.04194525256752968,-0.04013749957084656,-0.03832974657416344,-0.036521993577480316,-0.034714240580797195,-0.032906487584114075,-0.031098736450076103,-0.02929098531603813,-0.02748323231935501,-0.02567547932267189,-0.02386772818863392,-0.022059975191950798,-0.020252224057912827,-0.018444471061229706,-0.016636718064546585,-0.014828965999186039,-0.013021213933825493,-0.011213460937142372,-0.009405708871781826,-0.007597956340759993,-0.005790203809738159,-0.003982451744377613,-0.0021746992133557796,-0.00036694668233394623,0.0014408053830265999,0.0032485583797097206,0.005056310445070267,0.0068640629760921,0.008671815507113934,0.01047956757247448,0.0122873205691576,0.014095072634518147,0.015902824699878693,0.017710577696561813,0.019518330693244934,0.021326083689928055,0.023133834823966026,0.024941587820649147,0.026749340817332268,0.02855709195137024,0.03036484494805336,0.03217259794473648,0.0339803472161293,0.035788100212812424,0.037595853209495544,0.03940360248088837,0.04121135547757149,0.04301910847425461,0.04482686147093773,0.04663461446762085,0.04844236746430397,0.05025012046098709,0.05205787345767021,0.05386562645435333,0.055673375725746155,0.057481128722429276,0.059288881719112396,0.06109663471579552,0.06290438771247864]},"eval/mean_ep_length":251,"gradients/log_std":{"_type":"histogram","values":[1,0,0,0,0,0,1,1,0,0,0,0,0,0,0,1,0,0,0,0,0,0,0,0,0,0,0,1,0,0,0,0,1,0,0,0,0,0,0,0,1,0,0,0,0,0,0,1,0,0,0,0,0,0,0,0,0,0,0,0,0,0,0,1],"bins":[-0.08808954805135727,-0.085726298391819,-0.08336304873228073,-0.08099979907274246,-0.0786365494132042,-0.07627329975366592,-0.07391005009412766,-0.07154680788516998,-0.06918355822563171,-0.06682030856609344,-0.06445705890655518,-0.06209380924701691,-0.05973055958747864,-0.05736730992794037,-0.0550040639936924,-0.05264081433415413,-0.05027756094932556,-0.04791431128978729,-0.04555106163024902,-0.043187811970710754,-0.040824562311172485,-0.038461312651634216,-0.036098066717386246,-0.03373481705784798,-0.03137156739830971,-0.02900831773877144,-0.02664506807923317,-0.02428182028234005,-0.02191857062280178,-0.01955532096326351,-0.017192073166370392,-0.014828823506832123,-0.01246558129787445,-0.010102331638336182,-0.007739082910120487,-0.0053758337162435055,-0.0030125845223665237,-0.0006493348628282547,0.0017139138653874397,0.004077162593603134,0.006440412253141403,0.008803661912679672,0.011166910640895367,0.013530159369111061,0.01589340902864933,0.0182566586881876,0.02061990648508072,0.022983156144618988,0.025346405804157257,0.027709655463695526,0.030072905123233795,0.032436154782772064,0.03479940444231033,0.0371626541018486,0.03952590003609657,0.04188914969563484,0.04425239935517311,0.04661564901471138,0.04897889867424965,0.05134214833378792,0.05370539426803589,0.05606864392757416,0.05843189358711243,0.060795143246650696,0.06315839290618896]},"time/fps":652,"train/approx_kl":0.019658167,"global_step":2002944,"gradients/mlp_extractor.shared_net.2.weight":{"_type":"histogram","values":[1,0,1,0,0,0,1,3,1,2,1,2,3,4,7,7,8,12,13,23,32,29,45,75,102,112,185,243,336,472,691,963,1478,2278,3652,5993,12698,75569,9543,5617,3661,2493,1670,1062,681,448,272,170,138,104,50,38,32,11,8,10,6,5,2,4,1,2,0,2],"bins":[-0.01990586891770363,-0.019372574985027313,-0.018839282914996147,-0.01830599084496498,-0.017772696912288666,-0.01723940297961235,-0.016706110909581184,-0.01617281883955002,-0.015639524906873703,-0.015106231905519962,-0.014572938904166222,-0.014039645902812481,-0.01350635290145874,-0.012973059900105,-0.012439766898751259,-0.011906473897397518,-0.011373180896043777,-0.010839887894690037,-0.010306594893336296,-0.009773301891982555,-0.009240008890628815,-0.008706715889275074,-0.008173422887921333,-0.007640129886567593,-0.007106836885213852,-0.006573543883860111,-0.0060402508825063705,-0.00550695788115263,-0.004973664879798889,-0.0044403718784451485,-0.003907078877091408,-0.003373785875737667,-0.0028404919430613518,-0.002307198941707611,-0.0017739059403538704,-0.0012406129390001297,-0.000707319937646389,-0.00017402693629264832,0.0003592660650610924,0.0008925590664148331,0.0014258520677685738,0.0019591450691223145,0.002492438070476055,0.003025731071829796,0.0035590240731835365,0.004092317074537277,0.004625610075891018,0.005158903077244759,0.005692196078598499,0.00622548907995224,0.006758782081305981,0.007292075082659721,0.007825368084013462,0.008358661085367203,0.008891954086720943,0.009425247088074684,0.009958540089428425,0.010491833090782166,0.011025126092135906,0.011558419093489647,0.012091712094843388,0.012625005096197128,0.013158298097550869,0.01369159109890461,0.01422488410025835]},"train/loss":-0.8097992,"train/policy_gradient_loss":-0.026644524,"train/clip_fraction":0.22027995,"gradients/mlp_extractor.shared_net.0.weight":{"_type":"histogram","values":[1,0,0,0,0,0,0,0,1,1,2,2,1,0,5,5,3,4,7,6,16,11,25,20,23,47,49,118,874,32635,164,70,53,29,32,17,18,8,9,3,12,6,2,4,6,0,4,1,1,0,3,0,1,1,1,0,0,1,0,0,1,0,0,1],"bins":[-1.0558356046676636,-1.0196805000305176,-0.9835255146026611,-0.9473704695701599,-0.9112154245376587,-0.8750603199005127,-0.8389052748680115,-0.8027502298355103,-0.766595184803009,-0.7304401397705078,-0.6942850947380066,-0.6581300497055054,-0.6219749450683594,-0.5858199596405029,-0.5496648550033569,-0.5135098099708557,-0.4773547649383545,-0.44119971990585327,-0.40504467487335205,-0.36888960003852844,-0.3327345550060272,-0.296579509973526,-0.2604244351387024,-0.22426939010620117,-0.18811434507369995,-0.15195930004119873,-0.11580424010753632,-0.0796491876244545,-0.04349413514137268,-0.00733909010887146,0.028815969824790955,0.06497102975845337,0.10112607479095459,0.1372811198234558,0.17343617975711823,0.20959123969078064,0.24574628472328186,0.2819013297557831,0.3180564045906067,0.3542114496231079,0.39036649465560913,0.42652153968811035,0.4626765847206116,0.4988316595554352,0.5349867343902588,0.5711417198181152,0.6072968244552612,0.6434518694877625,0.6796069145202637,0.7157619595527649,0.7519170045852661,0.7880720496177673,0.8242270946502686,0.8603821992874146,0.8965372443199158,0.932692289352417,0.9688473343849182,1.0050023794174194,1.0411574840545654,1.0773124694824219,1.1134675741195679,1.1496225595474243,1.1857776641845703,1.2219326496124268,1.2580877542495728]},"_timestamp":1.7516753820285184e+09,"rollout/ep_len_mean":251,"eval/mean_reward":1.4733342,