{"rollout/ep_len_mean":251,"train/policy_gradient_loss":-0.024880692,"gradients/mlp_extractor.shared_net.0.bias":{"_type":"histogram","values":[1,0,0,0,0,1,0,1,0,0,2,0,1,0,4,0,3,4,3,7,8,6,7,11,15,10,18,17,22,26,124,44,32,23,13,16,11,17,11,11,7,6,5,6,3,2,1,2,5,0,1,0,0,1,1,0,1,1,0,0,0,0,0,1],"bins":[-0.030987277626991272,-0.029984163120388985,-0.028981050476431847,-0.02797793596982956,-0.026974821463227272,-0.025971706956624985,-0.024968594312667847,-0.02396547980606556,-0.022962365299463272,-0.021959250792860985,-0.020956138148903847,-0.01995302364230156,-0.018949909135699272,-0.017946794629096985,-0.016943681985139847,-0.01594056747853756,-0.014937454834580421,-0.013934341259300709,-0.012931226752698421,-0.011928113177418709,-0.010924998670816422,-0.009921885095536709,-0.008918771520256996,-0.007915657013654709,-0.006912543438374996,-0.005909429397433996,-0.004906315356492996,-0.0039032017812132835,-0.0029000877402722836,-0.0018969736993312836,-0.0008938601240515709,0.00010925391688942909,0.001112367957830429,0.002115481998771429,0.0031185958068817854,0.004121709614992142,0.005124823655933142,0.006127937696874142,0.007131051272153854,0.008134165778756142,0.009137279354035854,0.010140392929315567,0.011143507435917854,0.012146621011197567,0.01314973458647728,0.014152849093079567,0.01515596266835928,0.016159076243638992,0.01716219075024128,0.018165305256843567,0.019168417900800705,0.020171532407402992,0.02117464691400528,0.022177759557962418,0.023180874064564705,0.024183988571166992,0.02518710121512413,0.026190215721726418,0.027193328365683556,0.028196442872285843,0.02919955737888813,0.030202671885490417,0.031205784529447556,0.032208897173404694,0.03321201354265213]},"gradients/mlp_extractor.shared_net.2.weight":{"_type":"histogram","values":[1,1,2,1,2,2,0,2,4,2,9,14,21,47,55,97,125,202,314,434,730,1308,2017,3191,5168,9759,38921,41350,11223,6102,3361,2190,1395,981,666,429,280,190,127,94,77,55,34,27,17,13,4,6,7,2,4,1,2,0,2,2,0,0,0,1,0,0,0,1],"bins":[-0.01062213908880949,-0.010228761471807957,-0.009835383854806423,-0.009442007169127464,-0.00904862955212593,-0.008655251935124397,-0.008261874318122864,-0.00786849670112133,-0.007475119549781084,-0.0070817419327795506,-0.006688364781439304,-0.006294987164437771,-0.005901609547436237,-0.005508232396095991,-0.005114854779094458,-0.004721477627754211,-0.004328100010752678,-0.003934722393751144,-0.003541345242410898,-0.0031479676254093647,-0.002754590241238475,-0.002361212857067585,-0.0019678352400660515,-0.0015744578558951616,-0.0011810804717242718,-0.000787703029345721,-0.00039432558696717024,-9.480863809585571e-07,0.0003924292977899313,0.0007858066819608212,0.0011791842989623547,0.0015725616831332445,0.001965939998626709,0.002359317382797599,0.0027526947669684887,0.003146072383970022,0.003539449768140912,0.003932827152311802,0.004326204769313335,0.004719582386314869,0.005112959537655115,0.005506337154656649,0.005899714305996895,0.006293091922998428,0.006686469539999962,0.007079846691340208,0.0074732243083417416,0.007866601459681988,0.008259979076683521,0.008653356693685055,0.009046734310686588,0.009440110996365547,0.00983348861336708,0.010226866230368614,0.010620243847370148,0.011013621464371681,0.011406999081373215,0.011800376698374748,0.012193754315376282,0.012587131932377815,0.012980508618056774,0.013373886235058308,0.013767263852059841,0.014160641469061375,0.014554018154740334]},"train/clip_fraction":0.20349935,"gradients/action_net.weight":{"bins":[-0.01071949303150177,-0.009789885021746159,-0.008860277011990547,-0.007930668070912361,-0.00700106006115675,-0.006071452051401138,-0.00514184357598424,-0.004212235100567341,-0.0032826270908117294,-0.0023530188482254744,-0.0014234106056392193,-0.0004938023630529642,0.00043580587953329086,0.0013654138892889023,0.002295022364705801,0.0032246308401226997,0.004154238849878311,0.005083846859633923,0.006013455335050821,0.00694306381046772,0.007872671820223331,0.008802279829978943,0.009731888771057129,0.01066149678081274,0.011591104790568352,0.012520712800323963,0.013450320810079575,0.01437992975115776,0.015309537760913372,0.016239145770668983,0.01716875471174717,0.018098361790180206,0.019027970731258392,0.01995757967233658,0.020887186750769615,0.0218167956918478,0.022746402770280838,0.023676011711359024,0.02460562065243721,0.025535229593515396,0.026464836671948433,0.02739444561302662,0.028324052691459656,0.029253661632537842,0.030183270573616028,0.031112877652049065,0.0320424847304821,0.03297209367156029,0.033901702612638474,0.03483131155371666,0.035760920494794846,0.03669052571058273,0.03762013465166092,0.038549743592739105,0.03947935253381729,0.04040896147489548,0.04133857041597366,0.04226817935705185,0.043197788298130035,0.04412739351391792,0.04505700245499611,0.045986611396074295,0.04691622033715248,0.04784582927823067,0.048775434494018555],"_type":"histogram","values":[1,1,2,4,7,24,30,54,76,126,163,324,216,191,190,135,123,89,75,69,58,40,31,41,19,18,26,11,18,12,20,13,11,14,12,5,4,3,5,4,6,4,9,2,4,2,2,1,2,1,2,2,0,0,0,0,0,0,1,0,0,0,0,1]},"gradients/value_net.bias":{"_type":"histogram","values":[1],"bins":[-0.003917562775313854,-0.003917562775313854]},"train/loss":-0.8735889,"train/explained_variance":0.7819625,"eval/mean_ep_length":251,"train/std":27.245243,"rollout/ep_rew_mean":1.9802916,"eval/mean_reward":1.4321425,"train/value_loss":0.022959925,"global_step":2002944,"train/entropy_loss":-42.383957,"gradients/value_net.weight":{"_type":"histogram","values":[1,0,0,1,0,0,0,0,1,1,0,0,1,0,0,0,0,3,2,0,4,3,3,7,3,5,1,8,7,5,9,6,6,4,11,7,7,8,3,5,5,6,8,8,11,13,8,17,9,5,7,6,7,2,3,3,3,0,2,3,1,1,2,4],"bins":[-0.039817363023757935,-0.038979221135377884,-0.03814107924699783,-0.03730293735861778,-0.03646479547023773,-0.03562665358185768,-0.03478851169347763,-0.03395036980509758,-0.03311222791671753,-0.03227408602833748,-0.03143594413995743,-0.030597802251577377,-0.029759660363197327,-0.028921518474817276,-0.028083376586437225,-0.027245234698057175,-0.026407092809677124,-0.025568950921297073,-0.024730809032917023,-0.023892667144536972,-0.02305452525615692,-0.02221638336777687,-0.02137824147939682,-0.02054009959101677,-0.01970195770263672,-0.018863815814256668,-0.018025673925876617,-0.017187532037496567,-0.016349390149116516,-0.015511248260736465,-0.014673106372356415,-0.013834964483976364,-0.012996823526918888,-0.012158681638538837,-0.011320539750158787,-0.010482397861778736,-0.009644255973398685,-0.008806114085018635,-0.007967972196638584,-0.0071298303082585335,-0.006291688419878483,-0.005453546531498432,-0.0046154046431183815,-0.003777262754738331,-0.00293912086635828,-0.0021009789779782295,-0.0012628370895981789,-0.0004246952012181282,0.00041344668716192245,0.0012515885755419731,0.0020897304639220238,0.0029278723523020744,0.003766014240682125,0.004604156129062176,0.005442298017442226,0.006280439905822277,0.007118581794202328,0.007956723682582378,0.008794865570962429,0.00963300745934248,0.01047114934772253,0.011309291236102581,0.012147433124482632,0.012985575012862682,0.013823716901242733]},"_wandb":{"runtime":2889},"gradients/mlp_extractor.shared_net.0.weight":{"values":[2,0,0,0,0,2,0,2,0,0,4,0,2,0,8,0,6,8,6,14,16,12,14,22,30,20,36,34,44,93,39801,2458,84,46,26,32,22,34,22,22,14,12,10,12,6,4,2,4,10,0,2,0,0,2,2,0,2,2,0,0,0,0,0,2],