{"adaptive/curriculum_advanced":5,"train/clip_fraction":0.057242837,"global_step":3002368,"gradients/mlp_extractor.shared_net.2.weight":{"bins":[-0.4272209405899048,-0.4135149419307709,-0.39980894327163696,-0.38610297441482544,-0.37239697575569153,-0.3586909770965576,-0.3449849784374237,-0.3312789797782898,-0.31757301092147827,-0.30386701226234436,-0.29016101360321045,-0.2764550447463989,-0.262749046087265,-0.2490430474281311,-0.2353370487689972,-0.22163106501102448,-0.20792506635189056,-0.19421906769275665,-0.18051308393478394,-0.16680708527565002,-0.1531011015176773,-0.1393951028585434,-0.12568911910057068,-0.11198312044143677,-0.09827712923288345,-0.08457113802433014,-0.07086514681577682,-0.05715915188193321,-0.0434531606733799,-0.029747165739536285,-0.01604117453098297,-0.002335183322429657,0.011370807886123657,0.02507679909467697,0.038782790303230286,0.0524887852370739,0.06619477272033691,0.07990077137947083,0.09360676258802414,0.10731275379657745,0.12101874500513077,0.13472473621368408,0.148430734872818,0.1621367186307907,0.17584271728992462,0.18954870104789734,0.20325469970703125,0.21696069836616516,0.23066668212413788,0.2443726807832718,0.2580786645412445,0.2717846632003784,0.28549066185951233,0.29919666051864624,0.31290262937545776,0.3266086280345917,0.3403146266937256,0.3540206253528595,0.3677266240119934,0.38143259286880493,0.39513859152793884,0.40884459018707275,0.42255058884620667,0.4362565875053406,0.4499625563621521],"_type":"histogram","values":[1,0,1,0,1,1,0,0,5,2,5,7,6,10,13,11,21,27,26,41,27,51,57,55,64,71,47,61,88,430,3832,124012,1014,330,184,97,79,68,56,32,38,32,15,31,21,17,24,9,15,4,8,7,5,2,3,4,0,0,1,1,0,1,0,1]},"adaptive/current_intervention":"RandomInterventionActorPolicy","train/std":116.568146,"train/loss":-1.0764745,"gradients/log_std":{"_type":"histogram","values":[1,0,0,0,0,0,0,0,0,0,0,0,0,0,1,0,1,0,2,1,0,1,0,0,0,0,0,0,1,0,0,0,0,0,0,0,0,0,0,0,0,0,0,0,0,0,0,0,0,0,0,0,0,0,0,0,0,0,0,0,0,0,0,1],"bins":[-0.05088622495532036,-0.048594336956739426,-0.04630244895815849,-0.04401055723428726,-0.04171866923570633,-0.0394267812371254,-0.037134893238544464,-0.03484300523996353,-0.0325511172413826,-0.030259229242801666,-0.027967339381575584,-0.025675451382994652,-0.02338356152176857,-0.021091673523187637,-0.018799785524606705,-0.016507895663380623,-0.014216005802154541,-0.011924116872251034,-0.009632227942347527,-0.007340339943766594,-0.005048451013863087,-0.0027565620839595795,-0.00046467408537864685,0.001827215775847435,0.004119103774428368,0.006410992704331875,0.008702881634235382,0.010994769632816315,0.013286658562719822,0.01557854749262333,0.017870435491204262,0.020162325352430344,0.022454217076301575,0.024746105074882507,0.02703799493610859,0.029329882934689522,0.031621772795915604,0.033913660794496536,0.03620554879307747,0.0384974405169487,0.04078932851552963,0.043081216514110565,0.0453731045126915,0.04766499251127243,0.04995688423514366,0.052248772233724594,0.05454066023230553,0.05683255195617676,0.05912443622946739,0.061416324228048325,0.06370821595191956,0.06600010395050049,0.06829199194908142,0.07058387994766235,0.07287576794624329,0.07516765594482422,0.07745954394340515,0.07975143194198608,0.08204331994056702,0.08433520793914795,0.08662709593772888,0.08891898393630981,0.09121087193489075,0.09350276738405228,0.09579465538263321]},"eval/mean_reward":2.4760938,"train/policy_gradient_loss":-0.009103551,"gradients/action_net.weight":{"values":[2,2,0,1,1,1,2,3,3,3,6,4,4,4,8,7,10,6,6,7,12,11,10,14,12,23,18,27,30,32,47,44,64,58,72,75,76,101,102,571,206,76,78,51,54,55,61,39,39,26,34,21,22,13,10,13,8,7,2,3,2,2,1,2],"bins":[-0.012196487747132778,-0.011890195310115814,-0.011583903804421425,-0.011277611367404461,-0.010971318930387497,-0.010665027424693108,-0.010358734987676144,-0.01005244255065918,-0.00974615104496479,-0.009439858607947826,-0.009133567102253437,-0.008827274665236473,-0.008520982228219509,-0.008214689791202545,-0.007908398285508156,-0.007602105848491192,-0.007295813411474228,-0.006989521440118551,-0.006683229003101587,-0.006376937031745911,-0.006070644594728947,-0.00576435262337327,-0.005458060652017593,-0.005151768215000629,-0.004845476243644953,-0.004539184272289276,-0.004232891835272312,-0.0039265998639166355,-0.003620307659730315,-0.003314015455543995,-0.0030077234841883183,-0.002701431280001998,-0.0023951390758156776,-0.0020888468716293573,-0.0017825547838583589,-0.0014762626960873604,-0.00116997049190104,-0.0008636782877147198,-0.0005573861999437213,-0.0002510941121727228,5.519809201359749e-05,0.0003614902379922569,0.0006677823839709163,0.0009740745299495757,0.001280366675928235,0.0015866588801145554,0.0018929509678855538,0.0021992430556565523,0.0025055352598428726,0.002811827464029193,0.0031181196682155132,0.00342441163957119,0.00373070384375751,0.0040369960479438305,0.004343288019299507,0.004649580456316471,0.004955872427672148,0.005262164399027824,0.005568456836044788,0.005874748807400465,0.006181040778756142,0.006487333215773106,0.006793625187128782,0.007099917158484459,0.007406209595501423],"_type":"histogram"},"gradients/mlp_extractor.shared_net.0.bias":{"bins":[-0.4954763650894165,-0.47257301211357117,-0.44966965913772583,-0.4267663061618805,-0.40386295318603516,-0.3809596002101898,-0.3580562472343445,-0.33515292406082153,-0.3122495412826538,-0.28934618830680847,-0.26644283533096313,-0.2435394823551178,-0.22063612937927246,-0.19773277640342712,-0.17482943832874298,-0.15192608535289764,-0.1290227472782135,-0.10611939430236816,-0.08321604132652283,-0.06031269580125809,-0.03740934282541275,-0.014505989849567413,0.008397355675697327,0.031300708651542664,0.054204061627388,0.07710741460323334,0.10001076757907867,0.12291411310434341,0.14581745862960815,0.1687208116054535,0.19162416458129883,0.21452751755714417,0.2374308705329895,0.26033422350883484,0.2832375764846802,0.3061409294605255,0.32904428243637085,0.3519476354122162,0.3748509883880615,0.3977543115615845,0.4206576943397522,0.44356104731559753,0.46646440029144287,0.4893677532672882,0.5122711062431335,0.5351744294166565,0.5580778121948242,0.5809811353683472,0.6038844585418701,0.6267877817153931,0.6496911644935608,0.6725944876670837,0.6954978704452515,0.7184011936187744,0.7413045763969421,0.7642078995704651,0.7871112823486328,0.8100146055221558,0.8329179883003235,0.8558213114738464,0.8787246942520142,0.9016280174255371,0.9245314002037048,0.9474347233772278,0.9703381061553955],"_type":"histogram","values":[1,0,0,0,0,0,0,1,0,0,0,1,0,0,2,1,3,3,7,12,24,361,64,13,4,6,1,2,0,1,1,1,0,0,2,0,0,0,0,0,0,0,0,0,0,0,0,0,0,0,0,0,0,0,0,0,0,0,0,0,0,0,0,1]},"gradients/mlp_extractor.shared_net.2.bias":{"_type":"histogram","values":[1,0,0,0,0,0,0,0,0,0,0,0,1,0,0,0,0,0,0,0,0,0,0,0,0,0,0,2,1,2,33,200,8,3,1,0,1,0,1,0,0,0,0,0,0,1,0,0,0,0,0,0,0,0,0,0,0,0,0,0,0,0,0,1],