{"gradients/log_std":{"values":[1,2,0,0,0,0,0,0,0,0,0,0,0,0,0,0,0,0,0,0,1,0,0,0,0,0,0,0,0,0,0,1,0,0,0,0,0,0,0,0,1,0,0,0,0,0,0,1,0,0,1,0,0,0,0,0,0,0,0,0,0,0,0,1],"bins":[-0.0816674456000328,-0.07966352254152298,-0.07765959203243256,-0.07565566897392273,-0.0736517459154129,-0.07164782285690308,-0.06964389979839325,-0.06763996928930283,-0.065636046230793,-0.06363212317228317,-0.06162819638848305,-0.05962426960468292,-0.057620346546173096,-0.05561642348766327,-0.053612496703863144,-0.05160856992006302,-0.04960464686155319,-0.047600723803043365,-0.04559679701924324,-0.043592870235443115,-0.04158894717693329,-0.03958502411842346,-0.03758109733462334,-0.03557717055082321,-0.033573247492313385,-0.03156932443380356,-0.029565397650003433,-0.027561472728848457,-0.02555754780769348,-0.023553622886538506,-0.02154969796538353,-0.019545773044228554,-0.01754184067249298,-0.015537915751338005,-0.01353399083018303,-0.011530065909028053,-0.009526140987873077,-0.0075222160667181015,-0.005518291145563126,-0.0035143662244081497,-0.0015104413032531738,0.0004934836179018021,0.002497408539056778,0.004501333460211754,0.00650525838136673,0.008509183302521706,0.010513108223676682,0.012517033144831657,0.014520958065986633,0.01652488298714161,0.018528807908296585,0.02053273282945156,0.022536657750606537,0.024540582671761513,0.02654450759291649,0.028548432514071465,0.03055235743522644,0.03255628049373627,0.03456020727753639,0.03656413406133652,0.038568057119846344,0.04057198017835617,0.042575906962156296,0.04457983374595642,0.04658375680446625],"_type":"histogram"},"gradients/mlp_extractor.shared_net.2.bias":{"bins":[-0.02633531391620636,-0.025636302307248116,-0.02493729069828987,-0.024238279089331627,-0.023539267480373383,-0.022840257734060287,-0.022141246125102043,-0.0214422345161438,-0.020743222907185555,-0.02004421129822731,-0.019345199689269066,-0.01864618808031082,-0.017947178333997726,-0.017248166725039482,-0.016549155116081238,-0.015850143507122993,-0.01515113189816475,-0.014452120289206505,-0.01375310868024826,-0.01305409800261259,-0.012355086393654346,-0.011656074784696102,-0.010957064107060432,-0.010258052498102188,-0.009559040889143944,-0.0088600292801857,-0.008161017671227455,-0.007462006993591785,-0.006762995384633541,-0.006063983775675297,-0.00536497263237834,-0.004665961489081383,-0.003966949880123138,-0.0032679385039955378,-0.002568927127867937,-0.0018699157517403364,-0.0011709043756127357,-0.0004718929994851351,0.0002271183766424656,0.0009261295199394226,0.001625141128897667,0.0023241525050252676,0.0030231638811528683,0.003722175257280469,0.00442118663340807,0.005120198242366314,0.005819209385663271,0.006518220528960228,0.007217232137918472,0.007916243746876717,0.008615255355834961,0.00931426603347063,0.010013277642428875,0.01071228925138712,0.011411299929022789,0.012110311537981033,0.012809323146939278,0.013508334755897522,0.014207346364855766,0.014906357042491436,0.01560536865144968,0.01630437932908535,0.017003390938043594,0.01770240254700184,0.018401414155960083],"_type":"histogram","values":[1,0,0,0,0,0,0,0,0,0,0,1,0,0,1,1,1,1,1,0,1,0,3,0,2,0,6,5,4,5,6,7,8,11,8,17,12,32,18,14,17,8,12,3,12,6,7,5,2,5,1,1,1,1,1,1,2,2,0,0,2,0,0,1]},"eval/mean_ep_length":251,"train/std":1.82324,"gradients/mlp_extractor.shared_net.0.bias":{"_type":"histogram","values":[1,0,0,0,0,0,0,0,0,0,0,0,0,1,0,0,0,0,0,0,0,0,0,0,1,0,0,1,0,0,0,1,0,1,0,0,1,2,2,0,0,3,3,7,3,7,18,14,35,65,206,58,22,15,10,4,7,8,1,6,4,1,1,3],"bins":[-0.16071131825447083,-0.1575099378824234,-0.15430855751037598,-0.15110717713832855,-0.14790579676628113,-0.1447044312953949,-0.14150303602218628,-0.13830167055130005,-0.13510029017925262,-0.1318989098072052,-0.12869752943515778,-0.12549614906311035,-0.12229477614164352,-0.1190933957695961,-0.11589201539754868,-0.11269063502550125,-0.10948925465345383,-0.1062878742814064,-0.10308649390935898,-0.09988512098789215,-0.09668374061584473,-0.0934823602437973,-0.09028097987174988,-0.08707959949970245,-0.08387821912765503,-0.0806768387556076,-0.07747545838356018,-0.07427407801151276,-0.07107270509004593,-0.0678713247179985,-0.06466994434595108,-0.061468563973903656,-0.058267198503017426,-0.05506581813097,-0.051864441484212875,-0.04866306111216545,-0.045461684465408325,-0.0422603040933609,-0.03905892372131348,-0.03585754334926605,-0.032656166702508926,-0.02945478819310665,-0.026253409683704376,-0.023052029311656952,-0.019850650802254677,-0.0166492722928524,-0.013447891920804977,-0.010246513411402702,-0.007045134902000427,-0.003843755926936865,-0.0006423769518733025,0.0025590024888515472,0.005760380998253822,0.008961759507656097,0.012163139879703522,0.015364518389105797,0.018565896898508072,0.021767275407910347,0.024968653917312622,0.028170034289360046,0.03137141466140747,0.0345727913081646,0.03777417168021202,0.04097554832696915,0.04417692869901657]},"rollout/ep_rew_mean":1.6248668,"timesteps":4800000,"train/value_loss":0.0019150493,"_runtime":4657.471774746,"train/approx_kl":0.01822671,"train/entropy_loss":-18.153406,"gradients/mlp_extractor.shared_net.0.weight":{"values":[1,0,0,0,0,0,0,0,0,0,0,0,0,1,0,0,0,0,0,0,0,0,0,0,1,0,0,1,0,0,0,1,0,1,0,0,1,2,2,0,0,3,3,7,3,7,18,16,39,364,28044,71,26,15,10,4,7,8,1,6,4,1,1,3],"bins":[-3.214226722717285,-3.1501991748809814,-3.0861716270446777,-3.022143840789795,-2.958116292953491,-2.8940887451171875,-2.830061197280884,-2.76603364944458,-2.7020061016082764,-2.6379785537719727,-2.573951005935669,-2.5099234580993652,-2.4458956718444824,-2.3818681240081787,-2.317840576171875,-2.2538130283355713,-2.1897854804992676,-2.125757932662964,-2.06173038482666,-1.997702717781067,-1.9336751699447632,-1.86964750289917,-1.8056199550628662,-1.7415924072265625,-1.6775646209716797,-1.613537073135376,-1.5495094060897827,-1.485481858253479,-1.4214543104171753,-1.357426643371582,-1.2933990955352783,-1.2293715476989746,-1.165343999862671,-1.1013164520263672,-1.037288784980774,-0.9732612371444702,-0.9092336893081665,-0.845206081867218,-0.7811784744262695,-0.7171509265899658,-0.6531233787536621,-0.5890957713127136,-0.5250682234764099,-0.4610406160354614,-0.3970130383968353,-0.33298546075820923,-0.26895785331726074,-0.20493027567863464,-0.14090269804000854,-0.07687511295080185,-0.012847527861595154,0.05118006467819214,0.11520764231681824,0.17923521995544434,0.24326282739639282,0.3072904050350189,0.371317982673645,0.4353455603122711,0.4993731379508972,0.5634007453918457,0.6274282932281494,0.6914559006690979,0.7554835081100464,0.8195110559463501,0.8835386633872986],"_type":"histogram"},"_wandb":{"runtime":4665},"time/fps":1085,"train/explained_variance":0.96300995,"train/learning_rate":0.00025,"_timestamp":1.7513119775051556e+09,"eval/mean_success":0,"train/loss":-0.38496375,